"group","level_1","level_2","level_3","standard_pct_old","standard_pct_new","standard_delta","mall_pct_old","mall_pct_new","mall_delta"
"Thiết bị điện tử","Máy tính & Thiết bị Văn phòng","Thiết bị ngoại vi & Phụ kiện","Tấm làm mát","8","7.5","-0.5","13.5","12.5","-1"
"Thiết bị điện tử","Máy tính & Thiết bị Văn phòng","Thiết bị ngoại vi & Phụ kiện","Bàn phím & Vỏ bàn di chuột","8","7.5","-0.5","13.5","12.5","-1"
"Thiết bị điện tử","Máy tính & Thiết bị Văn phòng","Thiết bị ngoại vi & Phụ kiện","Bàn phím & Chuột","10","9.5","-0.5","14.7","13.7","-1"
"Thiết bị điện tử","Máy tính & Thiết bị Văn phòng","Thiết bị ngoại vi & Phụ kiện","Pin máy tính xách tay","8","7.5","-0.5","13.5","12.5","-1"
"Thiết bị điện tử","Máy tính & Thiết bị Văn phòng","Thiết bị ngoại vi & Phụ kiện","Bộ sạc & Bộ điều hợp máy tính xách tay","8","7.5","-0.5","13.5","12.5","-1"
"Thiết bị điện tử","Máy tính & Thiết bị Văn phòng","Thiết bị ngoại vi & Phụ kiện","Vỏ & Ốp máy tính xách tay","8","7.5","-0.5","13.5","12.5","-1"
"Thiết bị điện tử","Máy tính & Thiết bị Văn phòng","Thiết bị ngoại vi & Phụ kiện","Giá đỡ & Khay để máy tính xách tay","10","9.5","-0.5","14.7","14.5","-0.2"
"Thiết bị điện tử","Máy tính & Thiết bị Văn phòng","Thiết bị ngoại vi & Phụ kiện","Tấm lót chuột","8","7.5","-0.5","13.5","12.5","-1"
"Thiết bị điện tử","Máy tính & Thiết bị Văn phòng","Thiết bị ngoại vi & Phụ kiện","Hub USB & Đầu đọc thẻ","8","7.5","-0.5","13.5","12.5","-1"
"Thiết bị điện tử","Máy tính & Thiết bị Văn phòng","Thiết bị ngoại vi & Phụ kiện","Webcam","8","7.5","-0.5","13.5","12.5","-1"
"Thiết bị điện tử","Máy tính & Thiết bị Văn phòng","Phần mềm & Bộ nhớ","Đĩa nhỏ gọn","8","7.5","-0.5","13.5","12.5","-1"
"Thiết bị điện tử","Máy tính & Thiết bị Văn phòng","Phần mềm & Bộ nhớ","Ổ flash & Cáp OTG","8","7.5","-0.5","13.5","12.5","-1"
"Thiết bị điện tử","Máy tính & Thiết bị Văn phòng","Phần mềm & Bộ nhớ","Hộp đựng đĩa cứng & Trạm lưu trữ","8","7.5","-0.5","13.5","12.5","-1"
"Thiết bị điện tử","Máy tính & Thiết bị Văn phòng","Phần mềm & Bộ nhớ","Ổ cứng","8","7.5","-0.5","13.5","12.5","-1"
"Thiết bị điện tử","Máy tính & Thiết bị Văn phòng","Phần mềm & Bộ nhớ","Thẻ Micro SD","10","11.5","1.5","12.6","13.6","1"
"Thiết bị điện tử","Máy tính & Thiết bị Văn phòng","Phần mềm & Bộ nhớ","Bộ nhớ đính kèm mạng (NAS)","8","8","0","13.5","13.5","0"
"Thiết bị điện tử","Máy tính & Thiết bị Văn phòng","Phần mềm & Bộ nhớ","Phần mềm","10","9.5","-0.5","14.7","13.7","-1"
"Thiết bị điện tử","Máy tính & Thiết bị Văn phòng","Phần mềm & Bộ nhớ","SSD","8","8","0","11.5","11.5","0"
"Thiết bị điện tử","Máy tính & Thiết bị Văn phòng","Linh kiện máy tính để bàn & máy tính xách tay","Cáp & Phụ kiện","7.5","7.5","0","13.5","12.5","-1"
"Thiết bị điện tử","Máy tính & Thiết bị Văn phòng","Linh kiện máy tính để bàn & máy tính xách tay","Quạt & Tản nhiệt","7.5","6","-1.5","13.5","11.5","-2"
"Thiết bị điện tử","Máy tính & Thiết bị Văn phòng","Linh kiện máy tính để bàn & máy tính xách tay","Card đồ họa","7.5","6","-1.5","13.5","11.5","-2"
"Thiết bị điện tử","Máy tính & Thiết bị Văn phòng","Linh kiện máy tính để bàn & máy tính xách tay","Bo mạch chủ","7.5","6.5","-1","13.5","12.5","-1"
"Thiết bị điện tử","Máy tính & Thiết bị Văn phòng","Linh kiện máy tính để bàn & máy tính xách tay","Ổ quang","7.5","6","-1.5","13.5","11.5","-2"
"Thiết bị điện tử","Máy tính & Thiết bị Văn phòng","Linh kiện máy tính để bàn & máy tính xách tay","Vỏ máy tính","7.5","6.5","-1","13.5","12.5","-1"
"Thiết bị điện tử","Máy tính & Thiết bị Văn phòng","Linh kiện máy tính để bàn & máy tính xách tay","Bộ cấp nguồn","7.5","6.5","-1","13.5","12.5","-1"
"Thiết bị điện tử","Máy tính & Thiết bị Văn phòng","Linh kiện máy tính để bàn & máy tính xách tay","Bộ xử lý","7.5","7.5","0","8.3","8.3","0"
"Thiết bị điện tử","Máy tính & Thiết bị Văn phòng","Linh kiện máy tính để bàn & máy tính xách tay","RAM","7.5","6.5","-1","13.5","12.5","-1"
"Thiết bị điện tử","Máy tính & Thiết bị Văn phòng","Linh kiện máy tính để bàn & máy tính xách tay","Card âm thanh","7.5","6","-1.5","13.5","11.5","-2"
"Thiết bị điện tử","Máy tính & Thiết bị Văn phòng","Linh kiện máy tính để bàn & máy tính xách tay","UPS & Ổn áp","7.5","6","-1.5","11.5","9.5","-2"
"Thiết bị điện tử","Máy tính & Thiết bị Văn phòng","Máy tính để bàn, Máy tính xách tay & Máy tính bảng","Máy vi tính đồng bộ","2.5","2.5","0","3.8","3.8","0"
"Thiết bị điện tử","Máy tính & Thiết bị Văn phòng","Máy tính để bàn, Máy tính xách tay & Máy tính bảng","Máy tính để bàn","2","2","0","3.8","3.8","0"
"Thiết bị điện tử","Máy tính & Thiết bị Văn phòng","Máy tính để bàn, Máy tính xách tay & Máy tính bảng","Máy tính xách tay","2","2","0","3.8","3.8","0"
"Thiết bị điện tử","Máy tính & Thiết bị Văn phòng","Các thành phần mạng","Công tắc KVM","8","7.5","-0.5","13.5","12.5","-1"
"Thiết bị điện tử","Máy tính & Thiết bị Văn phòng","Các thành phần mạng","Modem & Bộ định tuyến không dây","8","7.5","-0.5","14.7","12.5","-2.2"
"Thiết bị điện tử","Máy tính & Thiết bị Văn phòng","Các thành phần mạng","Cáp & Đầu nối mạng","8","7.5","-0.5","13.5","12.5","-1"
"Thiết bị điện tử","Máy tính & Thiết bị Văn phòng","Các thành phần mạng","Công tắc mạng & PoE","8","7.5","-0.5","13.5","12.5","-1"
"Thiết bị điện tử","Máy tính & Thiết bị Văn phòng","Các thành phần mạng","Bộ điều hợp Powerline","8","7.5","-0.5","13.5","12.5","-1"
"Thiết bị điện tử","Máy tính & Thiết bị Văn phòng","Các thành phần mạng","Máy chủ in","8","8","0","13.5","13.5","0"
"Thiết bị điện tử","Máy tính & Thiết bị Văn phòng","Các thành phần mạng","Bộ lặp","8","7.5","-0.5","13.5","12.5","-1"
"Thiết bị điện tử","Máy tính & Thiết bị Văn phòng","Các thành phần mạng","Bộ điều hợp không dây & Card mạng","8","7.5","-0.5","13.5","12.5","-1"
"Thiết bị điện tử","Máy tính & Thiết bị Văn phòng","Thiết bị văn phòng","Dụng cụ in 3D","8","7.5","-0.5","10","9","-1"
"Thiết bị điện tử","Máy tính & Thiết bị Văn phòng","Thiết bị văn phòng","Thiết bị chấm công & Kiểm soát truy cập","10","9.5","-0.5","14.7","13.7","-1"
"Thiết bị điện tử","Máy tính & Thiết bị Văn phòng","Thiết bị văn phòng","Thiết bị in ấn quảng cáo","10","10","0","14.7","14.7","0"
"Thiết bị điện tử","Máy tính & Thiết bị Văn phòng","Thiết bị văn phòng","Máy quét mã vạch","8","9.5","1.5","13.5","13.7","0.2"
"Thiết bị điện tử","Máy tính & Thiết bị Văn phòng","Thiết bị văn phòng","Thiết bị Âm thanh & Video hội nghị","8","7.5","-0.5","14.7","12.5","-2.2"
"Thiết bị điện tử","Máy tính & Thiết bị Văn phòng","Thiết bị văn phòng","Máy fax","10","9.5","-0.5","14.7","13.7","-1"
"Thiết bị điện tử","Máy tính & Thiết bị Văn phòng","Thiết bị văn phòng","Hộp mực in dạng lỏng & bột","8","7.5","-0.5","13.5","12.5","-1"
"Thiết bị điện tử","Máy tính & Thiết bị Văn phòng","Thiết bị văn phòng","Máy in nhãn","8","7.5","-0.5","13.5","12.5","-1"
"Thiết bị điện tử","Máy tính & Thiết bị Văn phòng","Thiết bị văn phòng","Máy cán màng","10","9.5","-0.5","14.7","13.7","-1"
"Thiết bị điện tử","Máy tính & Thiết bị Văn phòng","Thiết bị văn phòng","Máy đếm tiền","10","9.5","-0.5","14.7","13.7","-1"
"Thiết bị điện tử","Máy tính & Thiết bị Văn phòng","Thiết bị văn phòng","Bộ phận thiết bị văn phòng","10","9.5","-0.5","14.7","13.7","-1"
"Thiết bị điện tử","Máy tính & Thiết bị Văn phòng","Thiết bị văn phòng","Máy hủy giấy","10","9.5","-0.5","14.7","13.7","-1"
"Thiết bị điện tử","Máy tính & Thiết bị Văn phòng","Thiết bị văn phòng","Máy in & Máy scan","8","8","0","9.5","9.5","0"
"Thiết bị điện tử","Máy tính & Thiết bị Văn phòng","Thiết bị văn phòng","Thiết bị bán lẻ thông minh","10","9.5","-0.5","14.7","13.7","-1"
"Thiết bị điện tử","Máy tính & Thiết bị Văn phòng","Thiết bị văn phòng","Máy đánh chữ","10","9.5","-0.5","14.7","13.7","-1"
"Thiết bị điện tử","Thiết bị gia dụng","Thiết bị thương mại","Thiết bị vệ sinh","8","9","1","14.7","15.7","1"
"Thiết bị điện tử","Thiết bị gia dụng","Thiết bị thương mại","Bộ phận của thiết bị thương mại","10","10.5","0.5","14.7","14.7","0"
"Thiết bị điện tử","Thiết bị gia dụng","Thiết bị thương mại","Bếp lò thương mại","10","11","1","14.7","15.7","1"
"Thiết bị điện tử","Thiết bị gia dụng","Thiết bị thương mại","Quạt & Thiết bị hút","10","10.5","0.5","14.7","14.7","0"
"Thiết bị điện tử","Thiết bị gia dụng","Thiết bị thương mại","Thiết bị chế biến thực phẩm","10","9.5","-0.5","14.7","13.7","-1"
"Thiết bị điện tử","Thiết bị gia dụng","Thiết bị thương mại","Thiết bị giặt là","10","8.5","-1.5","14.7","5.5","-9.2"
"Thiết bị điện tử","Thiết bị gia dụng","Thiết bị thương mại","Thiết bị làm lạnh","8","9","1","14.7","7.5","-7.2"
"Thiết bị điện tử","Thiết bị gia dụng","Đồ gia dụng","Máy làm mát","8","9","1","6.5","7.5","1"
"Thiết bị điện tử","Thiết bị gia dụng","Đồ gia dụng","Máy lọc không khí","8","10","2","6.5","8.5","2"
"Thiết bị điện tử","Thiết bị gia dụng","Đồ gia dụng","Máy trả lời","10","8.5","-1.5","14.7","14.7","0"
"Thiết bị điện tử","Thiết bị gia dụng","Đồ gia dụng","Máy sấy quần áo & giày","7.5","7.5","0","5.5","8.5","3"
"Thiết bị điện tử","Thiết bị gia dụng","Đồ gia dụng","Máy là hơi","8","8.5","0.5","13.5","13.5","0"
"Thiết bị điện tử","Thiết bị gia dụng","Đồ gia dụng","Máy hút ẩm","7.5","10","2.5","6.5","8.5","2"
"Thiết bị điện tử","Thiết bị gia dụng","Đồ gia dụng","Chăn điện","10","8.5","-1.5","14.7","14.7","0"
"Thiết bị điện tử","Thiết bị gia dụng","Đồ gia dụng","Cây lau nhà chạy bằng điện","8","8.5","0.5","9.5","9.5","0"
"Thiết bị điện tử","Thiết bị gia dụng","Đồ gia dụng","Máy đánh bóng giày điện","8","8.5","0.5","14.7","14.7","0"
"Thiết bị điện tử","Thiết bị gia dụng","Đồ gia dụng","Chổi điện cọ rửa","10","8.5","-1.5","14.7","9.5","-5.2"
"Thiết bị điện tử","Thiết bị gia dụng","Đồ gia dụng","Máy lau cửa sổ chạy bằng điện","10","8.5","-1.5","14.7","14.7","0"
"Thiết bị điện tử","Thiết bị gia dụng","Đồ gia dụng","Máy diệt muỗi điện tử","10","8.5","-1.5","14.7","14.7","0"
"Thiết bị điện tử","Thiết bị gia dụng","Đồ gia dụng","Quạt","7.5","9.5","2","6.5","8.5","2"
"Thiết bị điện tử","Thiết bị gia dụng","Đồ gia dụng","Máy sấy tay","8","8.5","0.5","14.7","14.7","0"
"Thiết bị điện tử","Thiết bị gia dụng","Đồ gia dụng","Máy sưởi","8","9","1","8.3","9.3","1"
"Thiết bị điện tử","Thiết bị gia dụng","Đồ gia dụng","Máy tiệt trùng gia đình","10","10.5","0.5","14.7","14.7","0"
"Thiết bị điện tử","Thiết bị gia dụng","Đồ gia dụng","Các bộ phận của thiết bị gia dụng","8","9","1","14.7","15.7","1"
"Thiết bị điện tử","Thiết bị gia dụng","Đồ gia dụng","Máy tạo độ ẩm","7.5","10","2.5","6.5","8.5","2"
"Thiết bị điện tử","Thiết bị gia dụng","Đồ gia dụng","Bàn là","8","8.5","0.5","13.5","13.5","0"
"Thiết bị điện tử","Thiết bị gia dụng","Đồ gia dụng","Máy tẩy xơ vải","10","9","-1","14.7","15.7","1"
"Thiết bị điện tử","Thiết bị gia dụng","Đồ gia dụng","Máy hút bụi & Robot quét nhà","8","8.5","0.5","9.5","9.5","0"
"Thiết bị điện tử","Thiết bị gia dụng","Dụng cụ nhà bếp","Máy làm bánh mì","10","9.5","-0.5","14.7","13.7","-1"
"Thiết bị điện tử","Thiết bị gia dụng","Dụng cụ nhà bếp","Máy pha cà phê & Phụ kiện","10","9.5","-0.5","14.7","13.7","-1"
"Thiết bị điện tử","Thiết bị gia dụng","Dụng cụ nhà bếp","Lò nướng để bàn","10","9.5","-0.5","14.7","13.7","-1"
"Thiết bị điện tử","Thiết bị gia dụng","Dụng cụ nhà bếp","Bếp điện & gas","10","9.5","-0.5","14.7","13.7","-1"
"Thiết bị điện tử","Thiết bị gia dụng","Dụng cụ nhà bếp","Máy hấp điện","10","9.5","-0.5","14.7","13.7","-1"
"Thiết bị điện tử","Thiết bị gia dụng","Dụng cụ nhà bếp","Bếp nướng điện","10","9.5","-0.5","14.7","13.7","-1"
"Thiết bị điện tử","Thiết bị gia dụng","Dụng cụ nhà bếp","Bình nóng lạnh","10","9.5","-0.5","14.7","13.7","-1"
"Thiết bị điện tử","Thiết bị gia dụng","Dụng cụ nhà bếp","Ấm điện","10","11.5","1.5","14.7","15.7","1"
"Thiết bị điện tử","Thiết bị gia dụng","Dụng cụ nhà bếp","Máy xay chế biến thực phẩm","10","9.5","-0.5","14.7","13.7","-1"
"Thiết bị điện tử","Thiết bị gia dụng","Dụng cụ nhà bếp","Máy xử lý chất thải thực phẩm","10","9.5","-0.5","14.7","13.7","-1"
"Thiết bị điện tử","Thiết bị gia dụng","Dụng cụ nhà bếp","Nồi chiên không dầu","10","10","0","14.7","14.7","0"
"Thiết bị điện tử","Thiết bị gia dụng","Dụng cụ nhà bếp","Công cụ làm đá","8","10","2","14.7","14.7","0"
"Thiết bị điện tử","Thiết bị gia dụng","Dụng cụ nhà bếp","Bếp từ","10","9.5","-0.5","14.7","13.7","-1"
"Thiết bị điện tử","Thiết bị gia dụng","Dụng cụ nhà bếp","Máy ép trái cây & Máy xay sinh tố","10","9.5","-0.5","14.7","13.7","-1"
"Thiết bị điện tử","Thiết bị gia dụng","Dụng cụ nhà bếp","Các bộ phận của dụng cụ nhà bếp","10","9.5","-0.5","14.7","13.7","-1"
"Thiết bị điện tử","Thiết bị gia dụng","Dụng cụ nhà bếp","Lò vi sóng","10","10","0","14.7","14.7","0"
"Thiết bị điện tử","Thiết bị gia dụng","Dụng cụ nhà bếp","Máy trộn","10","9.5","-0.5","14.7","13.7","-1"
"Thiết bị điện tử","Thiết bị gia dụng","Dụng cụ nhà bếp","Nồi cơm & Nồi áp suất","10","9.5","-0.5","14.7","13.7","-1"
"Thiết bị điện tử","Thiết bị gia dụng","Dụng cụ nhà bếp","Máy làm soda","10","10","0","14.7","14.7","0"
"Thiết bị điện tử","Thiết bị gia dụng","Dụng cụ nhà bếp","Thiết bị nhà bếp chuyên dụng","10","10","0","14.7","14.7","0"
"Thiết bị điện tử","Thiết bị gia dụng","Dụng cụ nhà bếp","Lò nướng bánh","10","9.5","-0.5","14.7","13.7","-1"
"Thiết bị điện tử","Thiết bị gia dụng","Dụng cụ nhà bếp","Máy hút chân không","10","12.5","2.5","14.7","15.1","0.4"
"Thiết bị điện tử","Thiết bị gia dụng","Dụng cụ nhà bếp","Máy làm mát & Máy lấy nước","10","9.5","-0.5","10","9","-1"
"Thiết bị điện tử","Thiết bị gia dụng","Dụng cụ nhà bếp","Bộ lọc nước","10","9.5","-0.5","10","9","-1"
"Thiết bị điện tử","Thiết bị gia dụng","Đồ gia dụng lớn","Máy điều hoà","8","9.5","1.5","6.5","8.5","2"
"Thiết bị điện tử","Thiết bị gia dụng","Đồ gia dụng lớn","Tủ mát đựng đồ uống","8","9","1","5.5","5.5","0"
"Thiết bị điện tử","Thiết bị gia dụng","Đồ gia dụng lớn","Máy rửa bát","8","8","0","6.5","6.5","0"
"Thiết bị điện tử","Thiết bị gia dụng","Đồ gia dụng lớn","Bộ phận & phụ kiện của thiết bị lớn","8","9","1","6.5","7.5","1"
"Thiết bị điện tử","Thiết bị gia dụng","Đồ gia dụng lớn","Lò nướng, Bếp gas & Bếp từ","10","10","0","14.7","14.7","0"
"Thiết bị điện tử","Thiết bị gia dụng","Đồ gia dụng lớn","Máy điều hòa di động","8","9.5","1.5","6.5","8.5","2"
"Thiết bị điện tử","Thiết bị gia dụng","Đồ gia dụng lớn","Máy hút mùi","8","10","2","14.7","9.3","-5.4"
"Thiết bị điện tử","Thiết bị gia dụng","Đồ gia dụng lớn","Tủ lạnh & Tủ đông","8","9","1","5.5","5.5","0"
"Thiết bị điện tử","Thiết bị gia dụng","Đồ gia dụng lớn","Đầu thu kỹ thuật số","8","6.5","-1.5","6.5","10.6","4.1"
"Thiết bị điện tử","Thiết bị gia dụng","Đồ gia dụng lớn","Ti vi","7.5","7.5","0","3.8","3.8","0"
"Thiết bị điện tử","Thiết bị gia dụng","Đồ gia dụng lớn","Máy giặt & Máy sấy","7.5","8.5","1","5.5","5.5","0"
"Thiết bị điện tử","Thiết bị gia dụng","Đồ gia dụng lớn","Bình nước nóng","8","9","1","8.3","9.3","1"
"Thiết bị điện tử","Điện thoại & Đồ điện tử","Âm thanh & Video","Amply & Bàn trộn","10","10.5","0.5","12.6","12.6","0"
"Thiết bị điện tử","Điện thoại & Đồ điện tử","Âm thanh & Video","Phụ kiện âm thanh & video","10","10.5","0.5","14.7","13.5","-1.2"
"Thiết bị điện tử","Điện thoại & Đồ điện tử","Âm thanh & Video","Máy thu AV","10","10.5","0.5","14.7","14.7","0"
"Thiết bị điện tử","Điện thoại & Đồ điện tử","Âm thanh & Video","Đầu đĩa CD & DVD","8","8.5","0.5","13.5","13.5","0"
"Thiết bị điện tử","Điện thoại & Đồ điện tử","Âm thanh & Video","Tai nghe trong & Tai nghe","10","10.5","0.5","14.7","14.7","0"
"Thiết bị điện tử","Điện thoại & Đồ điện tử","Âm thanh & Video","Hệ thống rạp chiếu phim tại nhà","8","8.5","0.5","12.6","12.6","0"
"Thiết bị điện tử","Điện thoại & Đồ điện tử","Âm thanh & Video","Micrô","10","10.5","0.5","14.7","14.7","0"
"Thiết bị điện tử","Điện thoại & Đồ điện tử","Âm thanh & Video","Máy nghe nhạc MP3 & MP4","8","8.5","0.5","13.5","13.5","0"
"Thiết bị điện tử","Điện thoại & Đồ điện tử","Âm thanh & Video","Máy chiếu","10","9.5","-0.5","12.6","11.6","-1"
"Thiết bị điện tử","Điện thoại & Đồ điện tử","Âm thanh & Video","Radio & Máy cassette","8","8.5","0.5","13.5","13.5","0"
"Thiết bị điện tử","Điện thoại & Đồ điện tử","Âm thanh & Video","Loa","10","10.5","0.5","13.5","13.5","0"
"Thiết bị điện tử","Điện thoại & Đồ điện tử","Âm thanh & Video","Máy ghi âm","8","8.5","0.5","13.5","13.5","0"
"Thiết bị điện tử","Điện thoại & Đồ điện tử","Âm thanh & Video","Bộ đàm","10","10.5","0.5","14.7","14.7","0"
"Thiết bị điện tử","Điện thoại & Đồ điện tử","Camera & Nhiếp ảnh","Camera hành động","7.5","7.5","0","8.3","8.3","0"
"Thiết bị điện tử","Điện thoại & Đồ điện tử","Camera & Nhiếp ảnh","Phụ kiện camera","10","9.5","-0.5","14.7","13.7","-1"
"Thiết bị điện tử","Điện thoại & Đồ điện tử","Camera & Nhiếp ảnh","Bảo quản camera","10","11.5","1.5","14.7","15.7","1"
"Thiết bị điện tử","Điện thoại & Đồ điện tử","Camera & Nhiếp ảnh","Ống kính máy ảnh","8","8","0","8.3","8.3","0"
"Thiết bị điện tử","Điện thoại & Đồ điện tử","Camera & Nhiếp ảnh","Drone & Phụ kiện","7","7.5","0.5","10","10","0"
"Thiết bị điện tử","Điện thoại & Đồ điện tử","Camera & Nhiếp ảnh","Máy ảnh DSLR","7.5","7.5","0","8.3","8.3","0"
"Thiết bị điện tử","Điện thoại & Đồ điện tử","Camera & Nhiếp ảnh","Máy phim","7.5","6","-1.5","13.5","11.5","-2"
"Thiết bị điện tử","Điện thoại & Đồ điện tử","Camera & Nhiếp ảnh","Camera chụp ảnh lấy liền","7.5","7.5","0","8.3","8.3","0"
"Thiết bị điện tử","Điện thoại & Đồ điện tử","Camera & Nhiếp ảnh","Camera không gương lật","7.5","7.5","0","8.3","8.3","0"
"Thiết bị điện tử","Điện thoại & Đồ điện tử","Camera & Nhiếp ảnh","Camera ngắm & chụp","7.5","7.5","0","13.5","8.3","-5.2"
"Thiết bị điện tử","Điện thoại & Đồ điện tử","Camera & Nhiếp ảnh","Hệ thống & Camera an ninh","8","7.5","-0.5","13.5","12.5","-1"
"Thiết bị điện tử","Điện thoại & Đồ điện tử","Camera & Nhiếp ảnh","Máy quay video","7","5.5","-1.5","12.6","10.6","-2"
"Thiết bị điện tử","Điện thoại & Đồ điện tử","Thiết bị giáo dục","Bút thông minh & kỹ thuật số","10","13.5","3.5","14.7","15.7","1"
"Thiết bị điện tử","Điện thoại & Đồ điện tử","Thiết bị giáo dục","Từ điển điện tử","10","10.5","0.5","14.7","14.7","0"
"Thiết bị điện tử","Điện thoại & Đồ điện tử","Thiết bị giáo dục","Bộ phận & phụ kiện thiết bị giáo dục","10","10.5","0.5","14.7","14.7","0"
"Thiết bị điện tử","Điện thoại & Đồ điện tử","Thiết bị giáo dục","Thiết bị học tập điện tử","10","10.5","0.5","14.7","14.7","0"
"Thiết bị điện tử","Điện thoại & Đồ điện tử","Thiết bị giáo dục","Sổ tay điện tử","10","6","-4","14.7","8.6","-6.1"
"Thiết bị điện tử","Điện thoại & Đồ điện tử","Thiết bị giáo dục","Máy đọc sách điện tử","2","10.5","8.5","3.8","14.7","10.9"
"Thiết bị điện tử","Điện thoại & Đồ điện tử","Thiết bị giáo dục","Bút & Thiết bị đọc","10","13.5","3.5","14.7","15.7","1"
"Thiết bị điện tử","Điện thoại & Đồ điện tử","Thiết bị giáo dục","Bảng viết điện tử","2","2","0","3.8","3.8","0"
"Thiết bị điện tử","Điện thoại & Đồ điện tử","Chơi game & Bảng điều khiển","Phụ kiện bảng điều khiển","10","9.5","-0.5","14.7","13.7","-1"
"Thiết bị điện tử","Điện thoại & Đồ điện tử","Chơi game & Bảng điều khiển","Bảng điều khiển trò chơi cầm tay","7.5","7","-0.5","13.5","12.5","-1"
"Thiết bị điện tử","Điện thoại & Đồ điện tử","Chơi game & Bảng điều khiển","Bảng điều khiển trò chơi video tại nhà","7.5","7","-0.5","13.5","8.5","-5"
"Thiết bị điện tử","Điện thoại & Đồ điện tử","Chơi game & Bảng điều khiển","Trò chơi điện tử","10","9.5","-0.5","14.7","13.7","-1"
"Thiết bị điện tử","Điện thoại & Đồ điện tử","Phụ kiện điện thoại","Cáp, Bộ sạc & Bộ điều hợp","12","13.5","1.5","14.7","15.7","1"
"Thiết bị điện tử","Điện thoại & Đồ điện tử","Phụ kiện điện thoại","Ốp, miếng bảo vệ màn hình & miếng dán","12","13.5","1.5","14.7","15.7","1"
"Thiết bị điện tử","Điện thoại & Đồ điện tử","Phụ kiện điện thoại","Thiết bị casting","12","11.5","-0.5","14.7","13.6","-1.1"
"Thiết bị điện tử","Điện thoại & Đồ điện tử","Phụ kiện điện thoại","Ống kính & Đèn flash di động","12","13.5","1.5","14.7","15.7","1"
"Thiết bị điện tử","Điện thoại & Đồ điện tử","Phụ kiện điện thoại","Bộ phận của điện thoại di động","12","13.5","1.5","14.7","15.7","1"
"Thiết bị điện tử","Điện thoại & Đồ điện tử","Phụ kiện điện thoại","Pin điện thoại","12","13.5","1.5","14.7","15.7","1"
"Thiết bị điện tử","Điện thoại & Đồ điện tử","Phụ kiện điện thoại","Giá đỡ & Chân đỡ điện thoại","12","13.5","1.5","14.7","15.7","1"
"Thiết bị điện tử","Điện thoại & Đồ điện tử","Phụ kiện điện thoại","Dây đeo & Móc treo điện thoại","12","14","2","14.7","16.7","2"
"Thiết bị điện tử","Điện thoại & Đồ điện tử","Phụ kiện điện thoại","Pin ѕạc dự phòng","12","13.5","1.5","14.7","15.7","1"
"Thiết bị điện tử","Điện thoại & Đồ điện tử","Phụ kiện điện thoại","Phụ kiện chụp ảnh chân dung","12","13.5","1.5","14.7","15.7","1"
"Thiết bị điện tử","Điện thoại & Đồ điện tử","Phụ kiện điện thoại","Thẻ sim & Phụ kiện","12","10.5","-1.5","14.7","12.7","-2"
"Thiết bị điện tử","Điện thoại & Đồ điện tử","Điện thoại & Máy tính bảng","Điện thoại di động","2","2","0","2.5","2.5","0"
"Thiết bị điện tử","Điện thoại & Đồ điện tử","Điện thoại & Máy tính bảng","Máy tính bảng","2","2","0","3.8","3.8","0"
"Thiết bị điện tử","Điện thoại & Đồ điện tử","Thiết bị thông minh & Thiết bị đeo","Vòng đeo tay thể thao thông minh","10","10","0","11.5","11.5","0"
"Thiết bị điện tử","Điện thoại & Đồ điện tử","Thiết bị thông minh & Thiết bị đeo","Thiết bị định vị GPS","10","9.5","-0.5","13.5","12.5","-1"
"Thiết bị điện tử","Điện thoại & Đồ điện tử","Thiết bị thông minh & Thiết bị đeo","Kính thông minh","10","9.5","-0.5","13.5","12.5","-1"
"Thiết bị điện tử","Điện thoại & Đồ điện tử","Thiết bị thông minh & Thiết bị đeo","Đồng hồ thông minh","10","9.5","-0.5","11.5","10.5","-1"
"Thiết bị điện tử","Điện thoại & Đồ điện tử","Thiết bị thông minh & Thiết bị đeo","Thiết bị VR","10","9.5","-0.5","13.5","12.5","-1"
"Thiết bị điện tử","Điện thoại & Đồ điện tử","Thiết bị thông minh & Thiết bị đeo","Phụ kiện đeo","12","13.5","1.5","13.5","14.5","1"
"Thiết bị điện tử","Điện thoại & Đồ điện tử","Phụ kiện máy tính bảng & máy tính","Bút cảm ứng","12","13.5","1.5","14.7","15.7","1"
"Thiết bị điện tử","Điện thoại & Đồ điện tử","Phụ kiện máy tính bảng & máy tính","Túi đựng máy tính bảng","10","13.5","3.5","14.7","15.7","1"
"Thiết bị điện tử","Điện thoại & Đồ điện tử","Phụ kiện máy tính bảng & máy tính","Bộ sạc & Bộ điều hợp máy tính bảng","12","13.5","1.5","14.7","15.7","1"
"Thiết bị điện tử","Điện thoại & Đồ điện tử","Phụ kiện máy tính bảng & máy tính","Vỏ & Ốp máy tính bảng","12","13.5","1.5","14.7","15.7","1"
"Thiết bị điện tử","Điện thoại & Đồ điện tử","Phụ kiện máy tính bảng & máy tính","Bàn phím máy tính bảng","10","13.5","3.5","14.7","15.7","1"
"Thiết bị điện tử","Điện thoại & Đồ điện tử","Phụ kiện máy tính bảng & máy tính","Bộ phận máy tính bảng","10","13.5","3.5","14.7","15.7","1"
"Thiết bị điện tử","Điện thoại & Đồ điện tử","Phụ kiện máy tính bảng & máy tính","Cường lực máy tính bảng","8","7.5","-0.5","13.5","12.5","-1"
"Thiết bị điện tử","Điện thoại & Đồ điện tử","Phụ kiện máy tính bảng & máy tính","Giá đỡ & đế máy tính bảng","10","13.5","3.5","14.7","15.7","1"
"Thiết bị điện tử","Điện thoại & Đồ điện tử","Phụ kiện đa năng","Wi-Fi bỏ túi","12","13.5","1.5","14.7","15.7","1"
"Thiết bị điện tử","Điện thoại & Đồ điện tử","Phụ kiện đa năng","Sạc pin đa năng","12","13.5","1.5","14.7","15.7","1"
"Thiết bị điện tử","Điện thoại & Đồ điện tử","Phụ kiện đa năng","Quạt USB & di động","12","13.5","1.5","14.7","15.7","1"
"Thiết bị điện tử","Điện thoại & Đồ điện tử","Phụ kiện đa năng","Đèn USB & di động","12","13.5","1.5","14.7","15.7","1"
"Thiết bị điện tử","Điện thoại & Đồ điện tử","Phụ kiện đa năng","Máy hút chân không USB","10","13.5","3.5","14.7","15.7","1"
"Thiết bị điện tử","Đã qua sử dụng","Điện thoại & Đồ điện tử đã được tân trang lại","Máy ảnh","7.5","7.5","0","8.3","8.3","0"
"Thiết bị điện tử","Đã qua sử dụng","Điện thoại & Đồ điện tử đã được tân trang lại","Máy tính để bàn","2","2","0","3.8","3.8","0"
"Thiết bị điện tử","Đã qua sử dụng","Điện thoại & Đồ điện tử đã được tân trang lại","Máy tính xách tay","2","2","0","3.8","3.8","0"
"Thiết bị điện tử","Đã qua sử dụng","Điện thoại & Đồ điện tử đã được tân trang lại","Điện thoại di động","2","2","0","2.5","2.5","0"
"Thiết bị điện tử","Đã qua sử dụng","Điện thoại & Đồ điện tử đã được tân trang lại","Máy chủ","2.5","2.5","0","3.8","3.8","0"
"Thiết bị điện tử","Đã qua sử dụng","Điện thoại & Đồ điện tử đã được tân trang lại","Máy tính bảng","2","2","0","3.8","3.8","0"
"Thiết bị điện tử","Đã qua sử dụng","Đồng hồ","Đồng hồ thông minh","10","9.5","-0.5","11.5","10.5","-1"
"Thiết bị điện tử","Sản phẩm trực tuyến","Viễn thông","E-SIM","11","10.5","-0.5","12.6","12.7","0.1"
"Thời trang","Phụ kiện thời trang","Phụ kiện quần áo","Thắt lưng","13.5","15","1.5","16.1","17.1","1"
"Thời trang","Phụ kiện thời trang","Phụ kiện quần áo","Kẹp & Trâm cài cổ áo","13.5","15","1.5","16.1","17.1","1"
"Thời trang","Phụ kiện thời trang","Phụ kiện quần áo","Khuy măng sét","13.5","14","0.5","15","16","1"
"Thời trang","Phụ kiện thời trang","Phụ kiện quần áo","Chụp tai","13.5","15","1.5","16.1","17.1","1"
"Thời trang","Phụ kiện thời trang","Phụ kiện quần áo","Khẩu trang & phụ kiện","13.5","15","1.5","16.1","17.1","1"
"Thời trang","Phụ kiện thời trang","Phụ kiện quần áo","Bộ phụ kiện thời trang","13.5","15","1.5","16.1","17.1","1"
"Thời trang","Phụ kiện thời trang","Phụ kiện quần áo","Găng tay","13.5","15","1.5","16.1","17.1","1"
"Thời trang","Phụ kiện thời trang","Phụ kiện quần áo","Khăn tay","13.5","15","1.5","16.1","17.1","1"
"Thời trang","Phụ kiện thời trang","Phụ kiện quần áo","Mũ","13.5","15","1.5","16.1","17.1","1"
"Thời trang","Phụ kiện thời trang","Phụ kiện quần áo","Khăn quàng cổ & Khăn choàng","13.5","15","1.5","16.1","17.1","1"
"Thời trang","Phụ kiện thời trang","Phụ kiện quần áo","Cà vạt & Nơ cà vạt","13.5","15","1.5","16.1","17.1","1"
"Thời trang","Phụ kiện thời trang","Phục sức & phụ kiện","Lắc chân","12.5","15","2.5","16.1","17.1","1"
"Thời trang","Phụ kiện thời trang","Phục sức & phụ kiện","Trang sức cơ thể","13.5","15","1.5","16.1","17.1","1"
"Thời trang","Phụ kiện thời trang","Phục sức & phụ kiện","Vòng tay & Lắc tay","12.5","14","1.5","15","16","1"
"Thời trang","Phụ kiện thời trang","Phục sức & phụ kiện","Hạt charm & Mặt dây chuyền","12.5","14","1.5","15","16","1"
"Thời trang","Phụ kiện thời trang","Phục sức & phụ kiện","Hoa tai","12.5","14","1.5","15","16","1"
"Thời trang","Phụ kiện thời trang","Phục sức & phụ kiện","Bộ điều chỉnh & Bảo vệ trang sức","12.5","13.5","1","16.1","16","-0.1"
"Thời trang","Phụ kiện thời trang","Phục sức & phụ kiện","Bộ trang sức","12.5","15","2.5","16.1","17.1","1"
"Thời trang","Phụ kiện thời trang","Phục sức & phụ kiện","Dây chuyền","12.5","15","2.5","16.1","17.1","1"
"Thời trang","Phụ kiện thời trang","Phục sức & phụ kiện","Nhẫn","12.5","14","1.5","15","16","1"
"Thời trang","Phụ kiện thời trang","Vải may váy","Batik","12.5","13","0.5","15","15","0"
"Thời trang","Phụ kiện thời trang","Vải may váy","Canvas","12.5","13","0.5","15","15","0"
"Thời trang","Phụ kiện thời trang","Vải may váy","Cotton","12.5","13","0.5","15","15","0"
"Thời trang","Phụ kiện thời trang","Vải may váy","Denim","12.5","14","1.5","15","16","1"
"Thời trang","Phụ kiện thời trang","Vải may váy","Kain Pasang","12.5","13","0.5","15","15","0"
"Thời trang","Phụ kiện thời trang","Vải may váy","Ren","12.5","13","0.5","15","15","0"
"Thời trang","Phụ kiện thời trang","Vải may váy","Da","12.5","13","0.5","15","15","0"
"Thời trang","Phụ kiện thời trang","Vải may váy","Polyester","12.5","13","0.5","15","15","0"
"Thời trang","Phụ kiện thời trang","Vải may váy","Songket","12.5","13","0.5","15","15","0"
"Thời trang","Phụ kiện thời trang","Vải may váy","Nhung, Lụa & Satin","12.5","13","0.5","15","15","0"
"Thời trang","Phụ kiện thời trang","Vải may váy","Len","12.5","13.5","1","15","16","1"
"Thời trang","Phụ kiện thời trang","Kính mắt","Gọng & Kính","13.5","14","0.5","16.1","16.1","0"
"Thời trang","Phụ kiện thời trang","Kính mắt","Hộp kính & Phụ kiện","13.5","14.5","1","16.1","17.1","1"
"Thời trang","Phụ kiện thời trang","Kính mắt","Kính râm","13.5","14","0.5","16.1","16.1","0"
"Thời trang","Phụ kiện thời trang","Đồng hồ & Phụ kiện","Đồng hồ cặp đôi","12.5","14","1.5","15","16","1"
"Thời trang","Phụ kiện thời trang","Đồng hồ & Phụ kiện","Đồng hồ nam","12.5","14","1.5","15","16","1"
"Thời trang","Phụ kiện thời trang","Đồng hồ & Phụ kiện","Đồng hồ unisex","12.5","14","1.5","15","16","1"
"Thời trang","Phụ kiện thời trang","Đồng hồ & Phụ kiện","Phụ kiện đồng hồ","12.5","14","1.5","15","16","1"
"Thời trang","Phụ kiện thời trang","Đồng hồ & Phụ kiện","Đồng hồ nữ","12.5","14","1.5","15","16","1"
"Thời trang","Phụ kiện thời trang","Phụ kiện cài đầu","Kẹp tóc & Ghim cài tóc","13.5","15","1.5","16.1","17.1","1"
"Thời trang","Phụ kiện thời trang","Phụ kiện cài đầu","Bờm & Dây buộc tóc","13.5","15.5","2","16.1","18.1","2"
"Thời trang","Phụ kiện thời trang","Phụ kiện cài đầu","Băng đô","13.5","15","1.5","16.1","17.1","1"
"Thời trang","Phụ kiện thời trang","Phụ kiện cài đầu","Phụ kiện cài đầu & Vương miện","13.5","15.5","2","16.1","18.1","2"
"Thời trang","Phụ kiện thời trang","Nối tóc & tóc giả","Tóc nối & phụ kiện tóc giả","13.5","15","1.5","16.1","17.1","1"
"Thời trang","Phụ kiện thời trang","Nối tóc & tóc giả","Tóc giả lót ren 360 bằng tóc thật","13.5","15","1.5","16.1","17.1","1"
"Thời trang","Phụ kiện thời trang","Nối tóc & tóc giả","Tóc giả lót ren tùy chỉnh bằng tóc thật","13.5","15","1.5","16.1","17.1","1"
"Thời trang","Phụ kiện thời trang","Nối tóc & tóc giả","Tóc nối bằng tóc thật & kẹp","13.5","15","1.5","16.1","17.1","1"
"Thời trang","Phụ kiện thời trang","Nối tóc & tóc giả","Tóc giả lót ren toàn bộ đầu bằng tóc thật","13.5","15","1.5","16.1","17.1","1"
"Thời trang","Phụ kiện thời trang","Nối tóc & tóc giả","Tóc giả lót ren toàn bộ đầu bằng tóc thật làm bằng máy","13.5","15","1.5","16.1","17.1","1"
"Thời trang","Phụ kiện thời trang","Nối tóc & tóc giả","Đuôi tóc giả lót ren bằng tóc thật","13.5","15","1.5","16.1","17.1","1"
"Thời trang","Phụ kiện thời trang","Nối tóc & tóc giả","Tóc mái giả lót ren bằng tóc thật","13.5","15","1.5","16.1","17.1","1"
"Thời trang","Phụ kiện thời trang","Nối tóc & tóc giả","Tóc giả lót ren gốc lụa bằng tóc thật","13.5","15","1.5","16.1","17.1","1"
"Thời trang","Phụ kiện thời trang","Nối tóc & tóc giả","Tóc giả lót ren phần T bằng tóc thật","13.5","15","1.5","16.1","17.1","1"
"Thời trang","Phụ kiện thời trang","Nối tóc & tóc giả","Tóc giả lót ren bện tổng hợp","13.5","15","1.5","16.1","17.1","1"
"Thời trang","Phụ kiện thời trang","Nối tóc & tóc giả","Tóc giả phục sức tổng hợp","13.5","15","1.5","16.1","17.1","1"
"Thời trang","Phụ kiện thời trang","Nối tóc & tóc giả","Tóc nối tổng hợp & kẹp","13.5","15","1.5","16.1","17.1","1"
"Thời trang","Phụ kiện thời trang","Nối tóc & tóc giả","Tóc giả toàn bộ đầu làm bằng máy","13.5","15","1.5","16.1","17.1","1"
"Thời trang","Phụ kiện thời trang","Nối tóc & tóc giả","Tóc mái giả lót ren tổng hợp","13.5","15","1.5","16.1","17.1","1"
"Thời trang","Phụ kiện thời trang","Phụ kiện cưới","Thắt lưng chú rể","13.5","15","1.5","16.1","17.1","1"
"Thời trang","Phụ kiện thời trang","Phụ kiện cưới","Mahr","13.5","15","1.5","15","17.1","2.1"
"Thời trang","Phụ kiện trang sức & Phái sinh","Hổ phách","Vòng tay & Lắc chân hổ phách","12.5","13.5","1","15","16","1"
"Thời trang","Phụ kiện trang sức & Phái sinh","Hổ phách","Phụ kiện quần áo bằng hổ phách","12.5","13","0.5","15","15","0"
"Thời trang","Phụ kiện trang sức & Phái sinh","Hổ phách","Đồ trang trí bằng hổ phách","12.5","13","0.5","15","15","0"
"Thời trang","Phụ kiện trang sức & Phái sinh","Hổ phách","Khuyên tai hổ phách","12.5","13.5","1","15","16","1"
"Thời trang","Phụ kiện trang sức & Phái sinh","Hổ phách","Bộ trang sức hổ phách","12.5","13","0.5","15","15","0"
"Thời trang","Phụ kiện trang sức & Phái sinh","Hổ phách","Dây chuyền & Mặt dây chuyền hổ phách","12.5","13","0.5","15","15","0"
"Thời trang","Phụ kiện trang sức & Phái sinh","Hổ phách","Nhẫn hổ phách","12.5","13","0.5","15","15","0"
"Thời trang","Phụ kiện trang sức & Phái sinh","Hổ phách","Hổ phách bán thành phẩm","12.5","13.5","1","15","16","1"
"Thời trang","Phụ kiện trang sức & Phái sinh","Đá quý nhân tạo","Vòng tay & Lắc chân đá quý nhân tạo","12.5","13","0.5","15","15","0"
"Thời trang","Phụ kiện trang sức & Phái sinh","Đá quý nhân tạo","Phụ kiện quần áo bằng đá quý nhân tạo","12.5","13","0.5","15","15","0"
"Thời trang","Phụ kiện trang sức & Phái sinh","Đá quý nhân tạo","Khuyên tai đá quý nhân tạo","12.5","13","0.5","15","15","0"
"Thời trang","Phụ kiện trang sức & Phái sinh","Đá quý nhân tạo","Bộ trang sức bằng đá quý nhân tạo","12.5","13","0.5","15","15","0"
"Thời trang","Phụ kiện trang sức & Phái sinh","Đá quý nhân tạo","Dây chuyền & Mặt dây chuyền đá quý nhân tạo","12.5","13","0.5","15","15","0"
"Thời trang","Phụ kiện trang sức & Phái sinh","Đá quý nhân tạo","Nhẫn đá quý nhân tạo","12.5","13","0.5","15","15","0"
"Thời trang","Phụ kiện trang sức & Phái sinh","Kim cương","Vòng tay & Lắc chân kim cương","12.5","13","0.5","15","15","0"
"Thời trang","Phụ kiện trang sức & Phái sinh","Kim cương","Phụ kiện quần áo kim cương","12.5","13","0.5","15","15","0"
"Thời trang","Phụ kiện trang sức & Phái sinh","Kim cương","Khuyên tai kim cương","12.5","13","0.5","15","15","0"
"Thời trang","Phụ kiện trang sức & Phái sinh","Kim cương","Bộ trang sức kim cương","12.5","13","0.5","15","15","0"
"Thời trang","Phụ kiện trang sức & Phái sinh","Kim cương","Dây chuyền & Mặt dây chuyền kim cương","12.5","13","0.5","15","15","0"
"Thời trang","Phụ kiện trang sức & Phái sinh","Kim cương","Nhẫn kim cương","12.5","13","0.5","15","15","0"
"Thời trang","Phụ kiện trang sức & Phái sinh","Kim cương","Mahr","12.5","13","0.5","15","15","0"
"Thời trang","Phụ kiện trang sức & Phái sinh","Vàng","Vòng tay & Lắc chân vàng","12.5","9","-3.5","15","9","-6"
"Thời trang","Phụ kiện trang sức & Phái sinh","Vàng","Phụ kiện quần áo bằng vàng","12.5","9","-3.5","15","9","-6"
"Thời trang","Phụ kiện trang sức & Phái sinh","Vàng","Đồ trang trí bằng vàng","12.5","9","-3.5","15","9","-6"
"Thời trang","Phụ kiện trang sức & Phái sinh","Vàng","Khuyên tai vàng","12.5","9","-3.5","15","9","-6"
"Thời trang","Phụ kiện trang sức & Phái sinh","Vàng","Bộ trang sức bằng vàng","12.5","9","-3.5","15","9","-6"
"Thời trang","Phụ kiện trang sức & Phái sinh","Vàng","Dây chuyền & Mặt dây chuyền vàng","12.5","9","-3.5","15","9","-6"
"Thời trang","Phụ kiện trang sức & Phái sinh","Vàng","Nhẫn vàng","12.5","9","-3.5","15","9","-6"
"Thời trang","Phụ kiện trang sức & Phái sinh","Vàng","Mahr","12.5","13","0.5","15","15","0"
"Thời trang","Phụ kiện trang sức & Phái sinh","Vàng","Vàng bán thành phẩm","12.5","9","-3.5","15","9","-6"
"Thời trang","Phụ kiện trang sức & Phái sinh","Ngọc bích","Vòng tay & Lắc chân ngọc bích","12.5","13","0.5","15","15","0"
"Thời trang","Phụ kiện trang sức & Phái sinh","Ngọc bích","Phụ kiện quần áo ngọc bích","12.5","13","0.5","15","15","0"
"Thời trang","Phụ kiện trang sức & Phái sinh","Ngọc bích","Đồ trang trí bằng ngọc bích","12.5","13","0.5","15","15","0"
"Thời trang","Phụ kiện trang sức & Phái sinh","Ngọc bích","Khuyên tai ngọc bích","12.5","13","0.5","15","15","0"
"Thời trang","Phụ kiện trang sức & Phái sinh","Ngọc bích","Bộ trang sức ngọc bích","12.5","13","0.5","15","15","0"
"Thời trang","Phụ kiện trang sức & Phái sinh","Ngọc bích","Dây chuyền & Mặt dây chuyền ngọc bích","12.5","13","0.5","15","15","0"
"Thời trang","Phụ kiện trang sức & Phái sinh","Ngọc bích","Nhẫn ngọc bích","12.5","13","0.5","15","15","0"
"Thời trang","Phụ kiện trang sức & Phái sinh","Ngọc bích","Ngọc bích bán thành phẩm","12.5","13","0.5","15","15","0"
"Thời trang","Phụ kiện trang sức & Phái sinh","Mellite","Vòng tay & Lắc chân Mellite","12.5","13","0.5","15","15","0"
"Thời trang","Phụ kiện trang sức & Phái sinh","Mellite","Phụ kiện quần áo bằng Mellite","12.5","13","0.5","15","15","0"
"Thời trang","Phụ kiện trang sức & Phái sinh","Mellite","Đồ trang trí bằng Mellite","12.5","13","0.5","15","15","0"
"Thời trang","Phụ kiện trang sức & Phái sinh","Mellite","Khuyên tai Mellite","12.5","13","0.5","15","15","0"
"Thời trang","Phụ kiện trang sức & Phái sinh","Mellite","Bộ trang sức Mellite","12.5","13","0.5","15","15","0"
"Thời trang","Phụ kiện trang sức & Phái sinh","Mellite","Dây chuyền & Mặt dây chuyền Mellite","12.5","13","0.5","15","15","0"
"Thời trang","Phụ kiện trang sức & Phái sinh","Mellite","Nhẫn Mellite","12.5","13","0.5","15","15","0"
"Thời trang","Phụ kiện trang sức & Phái sinh","Mellite","Mellite bán thành phẩm","12.5","13","0.5","15","15","0"
"Thời trang","Phụ kiện trang sức & Phái sinh","Pha lê tự nhiên","Vòng tay & Lắc chân pha lê tự nhiên","12.5","13","0.5","15","15","0"
"Thời trang","Phụ kiện trang sức & Phái sinh","Pha lê tự nhiên","Phụ kiện quần áo pha lê tự nhiên","12.5","13","0.5","15","15","0"
"Thời trang","Phụ kiện trang sức & Phái sinh","Pha lê tự nhiên","Đồ trang trí bằng pha lê tự nhiên","12.5","13","0.5","15","15","0"
"Thời trang","Phụ kiện trang sức & Phái sinh","Pha lê tự nhiên","Khuyên tai pha lê tự nhiên","12.5","13","0.5","15","15","0"
"Thời trang","Phụ kiện trang sức & Phái sinh","Pha lê tự nhiên","Bộ trang sức pha lê tự nhiên","12.5","13","0.5","15","15","0"
"Thời trang","Phụ kiện trang sức & Phái sinh","Pha lê tự nhiên","Dây chuyền & Mặt dây chuyền pha lê tự nhiên","12.5","13","0.5","15","15","0"
"Thời trang","Phụ kiện trang sức & Phái sinh","Pha lê tự nhiên","Nhẫn pha lê tự nhiên","12.5","13","0.5","15","15","0"
"Thời trang","Phụ kiện trang sức & Phái sinh","Pha lê tự nhiên","Pha lê tự nhiên bán thành phẩm","12.5","13","0.5","15","15","0"
"Thời trang","Phụ kiện trang sức & Phái sinh","Pha lê không tự nhiên","Vòng tay & Lắc chân pha lê không phải tự nhiên","12.5","13","0.5","15","15","0"
"Thời trang","Phụ kiện trang sức & Phái sinh","Pha lê không tự nhiên","Phụ kiện quần áo pha lê không tự nhiên","12.5","13","0.5","15","15","0"
"Thời trang","Phụ kiện trang sức & Phái sinh","Pha lê không tự nhiên","Đồ trang trí bằng pha lê không tự nhiên","12.5","13","0.5","15","15","0"
"Thời trang","Phụ kiện trang sức & Phái sinh","Pha lê không tự nhiên","Khuyên tai pha lê không tự nhiên","12.5","13","0.5","15","15","0"
"Thời trang","Phụ kiện trang sức & Phái sinh","Pha lê không tự nhiên","Bộ trang sức pha lê không tự nhiên","12.5","13","0.5","15","15","0"
"Thời trang","Phụ kiện trang sức & Phái sinh","Pha lê không tự nhiên","Dây chuyền & Mặt dây chuyền pha lê không tự nhiên","12.5","13","0.5","15","15","0"
"Thời trang","Phụ kiện trang sức & Phái sinh","Pha lê không tự nhiên","Nhẫn pha lê không tự nhiên","12.5","13","0.5","15","15","0"
"Thời trang","Phụ kiện trang sức & Phái sinh","Pha lê không tự nhiên","Pha lê không tự nhiên bán thành phẩm","12.5","13","0.5","15","15","0"
"Thời trang","Phụ kiện trang sức & Phái sinh","Ngọc trai","Vòng tay & Lắc chân ngọc trai","12.5","13","0.5","15","15","0"
"Thời trang","Phụ kiện trang sức & Phái sinh","Ngọc trai","Phụ kiện quần áo ngọc trai","12.5","13","0.5","15","15","0"
"Thời trang","Phụ kiện trang sức & Phái sinh","Ngọc trai","Đồ trang trí bằng ngọc trai","12.5","13.5","1","15","16","1"
"Thời trang","Phụ kiện trang sức & Phái sinh","Ngọc trai","Khuyên tai ngọc trai","12.5","13","0.5","15","15","0"
"Thời trang","Phụ kiện trang sức & Phái sinh","Ngọc trai","Bộ trang sức ngọc trai","12.5","13","0.5","15","15","0"
"Thời trang","Phụ kiện trang sức & Phái sinh","Ngọc trai","Dây chuyền & Mặt dây chuyền ngọc trai","12.5","13","0.5","15","15","0"
"Thời trang","Phụ kiện trang sức & Phái sinh","Ngọc trai","Nhẫn ngọc trai","12.5","13","0.5","15","15","0"
"Thời trang","Phụ kiện trang sức & Phái sinh","Ngọc trai","Ngọc trai bán thành phẩm","12.5","13","0.5","15","15","0"
"Thời trang","Phụ kiện trang sức & Phái sinh","Bạch kim & Vàng Carat","Vòng tay & Lắc chân bằng bạch kim & vàng Carat","12.5","13.5","1","15","16","1"
"Thời trang","Phụ kiện trang sức & Phái sinh","Bạch kim & Vàng Carat","Phụ kiện quần áo bạch kim & vàng Carat","12.5","13","0.5","15","15","0"
"Thời trang","Phụ kiện trang sức & Phái sinh","Bạch kim & Vàng Carat","Khuyên tai bạch kim & vàng Carat","12.5","13.5","1","15","16","1"
"Thời trang","Phụ kiện trang sức & Phái sinh","Bạch kim & Vàng Carat","Bộ trang sức bạch kim & vàng Carat","12.5","13","0.5","15","15","0"
"Thời trang","Phụ kiện trang sức & Phái sinh","Bạch kim & Vàng Carat","Dây chuyền & Mặt dây chuyền bằng bạch kim & vàng Carat","12.5","13.5","1","15","16","1"
"Thời trang","Phụ kiện trang sức & Phái sinh","Bạch kim & Vàng Carat","Nhẫn bạch kim & vàng Carat","12.5","13","0.5","15","15","0"
"Thời trang","Phụ kiện trang sức & Phái sinh","Hồng ngọc, Sapphire & Ngọc lục bảo","Vòng tay & Lắc chân Hồng ngọc, Sapphire & Ngọc lục bảo","12.5","13","0.5","15","15","0"
"Thời trang","Phụ kiện trang sức & Phái sinh","Hồng ngọc, Sapphire & Ngọc lục bảo","Phụ kiện quần áo bằng Hồng ngọc, Sapphire & Ngọc lục bảo","12.5","13","0.5","15","15","0"
"Thời trang","Phụ kiện trang sức & Phái sinh","Hồng ngọc, Sapphire & Ngọc lục bảo","Khuyên tai Hồng ngọc, Sapphire & Ngọc lục bảo","12.5","13","0.5","15","15","0"
"Thời trang","Phụ kiện trang sức & Phái sinh","Hồng ngọc, Sapphire & Ngọc lục bảo","Bộ trang sức Hồng ngọc, Sapphire & Ngọc lục bảo","12.5","13","0.5","15","15","0"
"Thời trang","Phụ kiện trang sức & Phái sinh","Hồng ngọc, Sapphire & Ngọc lục bảo","Dây chuyền & Mặt dây chuyền Hồng ngọc, Sapphire & Ngọc lục bảo","12.5","13","0.5","15","15","0"
"Thời trang","Phụ kiện trang sức & Phái sinh","Hồng ngọc, Sapphire & Ngọc lục bảo","Nhẫn Hồng ngọc, Sapphire & Ngọc lục bảo","12.5","13","0.5","15","15","0"
"Thời trang","Phụ kiện trang sức & Phái sinh","Hồng ngọc, Sapphire & Ngọc lục bảo","Hồng ngọc, Sapphire & Ngọc lục bảo bán thành phẩm","12.5","13","0.5","15","15","0"
"Thời trang","Phụ kiện trang sức & Phái sinh","Đá bán quý","Đá bán quý bán thành phẩm","12.5","13","0.5","15","15","0"
"Thời trang","Phụ kiện trang sức & Phái sinh","Đá bán quý","Vòng tay & Lắc chân bằng đá bán quý","12.5","13","0.5","15","15","0"
"Thời trang","Phụ kiện trang sức & Phái sinh","Đá bán quý","Phụ kiện quần áo bằng đá bán quý","12.5","13","0.5","15","15","0"
"Thời trang","Phụ kiện trang sức & Phái sinh","Đá bán quý","Khuyên tai bằng đá bán quý","12.5","13","0.5","15","15","0"
"Thời trang","Phụ kiện trang sức & Phái sinh","Đá bán quý","Bộ trang sức bằng đá bán quý","12.5","13","0.5","15","15","0"
"Thời trang","Phụ kiện trang sức & Phái sinh","Đá bán quý","Dây chuyền & Mặt dây chuyền bằng đá bán quý","12.5","13","0.5","15","15","0"
"Thời trang","Phụ kiện trang sức & Phái sinh","Đá bán quý","Nhẫn đá bán quý","12.5","13","0.5","15","15","0"
"Thời trang","Phụ kiện trang sức & Phái sinh","Bạc","Bạc bán thành phẩm","13.5","14","0.5","16.1","16.1","0"
"Thời trang","Phụ kiện trang sức & Phái sinh","Bạc","Vòng tay & Lắc chân bạc","13.5","14","0.5","16.1","16.1","0"
"Thời trang","Phụ kiện trang sức & Phái sinh","Bạc","Phụ kiện quần áo bằng bạc","13.5","14","0.5","16.1","16.1","0"
"Thời trang","Phụ kiện trang sức & Phái sinh","Bạc","Đồ trang trí bằng bạc","13.5","14","0.5","16.1","16.1","0"
"Thời trang","Phụ kiện trang sức & Phái sinh","Bạc","Khuyên tai bạc","13.5","14","0.5","16.1","16.1","0"
"Thời trang","Phụ kiện trang sức & Phái sinh","Bạc","Bộ trang sức bằng bạc","13.5","14","0.5","16.1","16.1","0"
"Thời trang","Phụ kiện trang sức & Phái sinh","Bạc","Dây chuyền & Mặt dây chuyền bạc","13.5","14","0.5","16.1","16.1","0"
"Thời trang","Phụ kiện trang sức & Phái sinh","Bạc","Nhẫn bạc","13.5","14","0.5","16.1","16.1","0"
"Thời trang","Hành lý & Túi xách","Phụ kiện túi","Móc treo túi","13.5","15.5","2","16.1","18.1","2"
"Thời trang","Hành lý & Túi xách","Phụ kiện túi","Túi nhiều ngăn","13.5","15","1.5","16.1","17.1","1"
"Thời trang","Hành lý & Túi xách","Phụ kiện túi","Quai xách & Dây đeo dạng xích","13.5","15","1.5","16.1","17.1","1"
"Thời trang","Hành lý & Túi xách","Phụ kiện túi","Móc treo & Khăn cột túi","13.5","15","1.5","16.1","17.1","1"
"Thời trang","Hành lý & Túi xách","Phụ kiện túi","Vệ sinh & Bảo quản","13.5","15","1.5","16.1","17.1","1"
"Thời trang","Hành lý & Túi xách","Túi đa năng","Ba lô","13.5","15","1.5","16.1","17.1","1"
"Thời trang","Hành lý & Túi xách","Túi đa năng","Túi làm mát","13.5","14","0.5","15","16.1","1.1"
"Thời trang","Hành lý & Túi xách","Túi đa năng","Túi đựng máy tính xách tay","13.5","15","1.5","16.1","17.1","1"
"Thời trang","Hành lý & Túi xách","Túi đa năng","Túi đựng hộp cơm","13.5","14","0.5","16.1","16.1","0"
"Thời trang","Hành lý & Túi xách","Túi đa năng","Túi đựng đồ trang điểm","13.5","14","0.5","16.1","16.1","0"
"Thời trang","Hành lý & Túi xách","Túi đa năng","Các túi mua sắm","13.5","14.5","1","16.1","17.1","1"
"Thời trang","Hành lý & Túi xách","Túi đa năng","Túi đựng đồ vệ sinh","13.5","14","0.5","16.1","16.1","0"
"Thời trang","Hành lý & Túi xách","Hành lý & Túi du lịch","Hành lý","12.5","12.5","0","15","15","0"
"Thời trang","Hành lý & Túi xách","Hành lý & Túi du lịch","Phụ kiện hành lý","13.5","14","0.5","16.1","16.1","0"
"Thời trang","Hành lý & Túi xách","Hành lý & Túi du lịch","Bìa & Ví đựng hộ chiếu","13.5","14","0.5","16.1","16.1","0"
"Thời trang","Hành lý & Túi xách","Hành lý & Túi du lịch","Túi du lịch","13.5","14","0.5","16.1","16.1","0"
"Thời trang","Hành lý & Túi xách","Hành lý & Túi du lịch","Ví đựng thẻ","13.5","14","0.5","16.1","16.1","0"
"Thời trang","Hành lý & Túi xách","Túi xách nam","Ba lô","13.5","15","1.5","16.1","17.1","1"
"Thời trang","Hành lý & Túi xách","Túi xách nam","Cặp tài liệu","12.5","14","1.5","15","16","1"
"Thời trang","Hành lý & Túi xách","Túi xách nam","Túi ví cầm tay","12.5","14","1.5","15","16","1"
"Thời trang","Hành lý & Túi xách","Túi xách nam","Túi đeo chéo & Túi đeo vai","13.5","15","1.5","16.1","17.1","1"
"Thời trang","Hành lý & Túi xách","Túi xách nam","Túi bao tử & Túi thắt lưng","13.5","14","0.5","16.1","16.1","0"
"Thời trang","Hành lý & Túi xách","Túi xách nam","Túi tote","12.5","14","1.5","15","16","1"
"Thời trang","Hành lý & Túi xách","Túi xách nam","Ví","12.5","14","1.5","15","16","1"
"Thời trang","Hành lý & Túi xách","Túi xách nữ","Túi ví cầm tay & Túi ví đeo cổ tay","13.5","15","1.5","16.1","17.1","1"
"Thời trang","Hành lý & Túi xách","Túi xách nữ","Túi đeo chéo & Túi đeo vai","12.5","14","1.5","15","16","1"
"Thời trang","Hành lý & Túi xách","Túi xách nữ","Túi bao tử & Túi thắt lưng","13.5","15","1.5","16.1","17.1","1"
"Thời trang","Hành lý & Túi xách","Túi xách nữ","Túi xách","12.5","14","1.5","15","16","1"
"Thời trang","Hành lý & Túi xách","Túi xách nữ","Túi tote","13.5","15","1.5","16.1","17.1","1"
"Thời trang","Hành lý & Túi xách","Túi xách nữ","Ví","13.5","14","0.5","16.1","16.1","0"
"Thời trang","Trang phục nam & Đồ lót","Quần nam","Quần jean","13.5","13","-0.5","16.1","15.1","-1"
"Thời trang","Trang phục nam & Đồ lót","Quần nam","Quần dài","13.5","14","0.5","16.1","16.1","0"
"Thời trang","Trang phục nam & Đồ lót","Quần nam","Quần short","13.5","15","1.5","16.1","17.1","1"
"Thời trang","Trang phục nam & Đồ lót","Đồ ngủ & đồ mặc nhà cho nam","Áo liền quần rộng","13.5","14.5","1","16.1","17.1","1"
"Thời trang","Trang phục nam & Đồ lót","Đồ ngủ & đồ mặc nhà cho nam","Áo choàng tắm & Áo choàng","13.5","14","0.5","16.1","16.1","0"
"Thời trang","Trang phục nam & Đồ lót","Đồ ngủ & đồ mặc nhà cho nam","Áo ngủ","13.5","14","0.5","16.1","16.1","0"
"Thời trang","Trang phục nam & Đồ lót","Đồ ngủ & đồ mặc nhà cho nam","Bộ ngủ","13.5","14","0.5","16.1","16.1","0"
"Thời trang","Trang phục nam & Đồ lót","Trang phục đặc biệt dành cho nam","Trang phục & Phụ kiện","13.5","15","1.5","16.1","17.1","1"
"Thời trang","Trang phục nam & Đồ lót","Trang phục đặc biệt dành cho nam","Trang phục truyền thống","13.5","14","0.5","16.1","16.1","0"
"Thời trang","Trang phục nam & Đồ lót","Trang phục đặc biệt dành cho nam","Quần áo bảo hộ lao động & Đồng phục","13.5","15","1.5","16.1","17.1","1"
"Thời trang","Trang phục nam & Đồ lót","Bộ vét và quần yếm nam","Bộ","13.5","14","0.5","16.1","16.1","0"
"Thời trang","Trang phục nam & Đồ lót","Bộ vét và quần yếm nam","Bộ vét","13.5","14","0.5","16.1","16.1","0"
"Thời trang","Trang phục nam & Đồ lót","Bộ vét và quần yếm nam","Quần yếm","13.5","14","0.5","16.1","16.1","0"
"Thời trang","Trang phục nam & Đồ lót","Áo nam","Áo hoodie & Áo len","13.5","15","1.5","16.1","17.1","1"
"Thời trang","Trang phục nam & Đồ lót","Áo nam","Áo khoác & Áo choàng","13.5","15","1.5","16.1","17.1","1"
"Thời trang","Trang phục nam & Đồ lót","Áo nam","Hàng dệt kim","13.5","15","1.5","16.1","17.1","1"
"Thời trang","Trang phục nam & Đồ lót","Áo nam","Áo Polo","13.5","15","1.5","16.1","17.1","1"
"Thời trang","Trang phục nam & Đồ lót","Áo nam","Áo sơ mi","13.5","15","1.5","16.1","17.1","1"
"Thời trang","Trang phục nam & Đồ lót","Áo nam","Áo thun","13.5","15","1.5","16.1","17.1","1"
"Thời trang","Trang phục nam & Đồ lót","Áo nam","Áo gi lê","13.5","15","1.5","16.1","17.1","1"
"Thời trang","Trang phục nam & Đồ lót","Áo nam","Áo gilê và Áo gilet","13.5","14","0.5","16.1","16.1","0"
"Thời trang","Trang phục nam & Đồ lót","Đồ lót nam","Áo gi lê","13.5","15","1.5","16.1","17.1","1"
"Thời trang","Trang phục nam & Đồ lót","Đồ lót nam","Đồ giữ ấm mặc bên trong","13.5","15","1.5","16.1","17.1","1"
"Thời trang","Trang phục nam & Đồ lót","Đồ lót nam","Đồ lót","13.5","15","1.5","16.1","17.1","1"
"Thời trang","Trang phục nam & Đồ lót","Đồ lót nam","Tất","13.5","15","1.5","16.1","17.1","1"
"Thời trang","Thời trang Hồi giáo","Trang phục phụ nữ Hồi giáo","Áo Kaftan","12.5","14","1.5","15","16","1"
"Thời trang","Thời trang Hồi giáo","Khăn trùm đầu che đầu và cổ (Hijab)","Khăn trùm đầu đội ngay","12.5","14","1.5","15","16","1"
"Thời trang","Thời trang Hồi giáo","Khăn trùm đầu che đầu và cổ (Hijab)","Khăn trùm dài che đầu, cổ và vai (Khimar)","12.5","14","1.5","15","16","1"
"Thời trang","Thời trang Hồi giáo","Khăn trùm đầu che đầu và cổ (Hijab)","Niqab","12.5","14","1.5","15","16","1"
"Thời trang","Thời trang Hồi giáo","Khăn trùm đầu che đầu và cổ (Hijab)","Khăn quàng cổ Pashmina","12.5","14","1.5","15","16","1"
"Thời trang","Thời trang Hồi giáo","Khăn trùm đầu che đầu và cổ (Hijab)","Khăn trùm đầu vuông","12.5","14","1.5","15","16","1"
"Thời trang","Thời trang Hồi giáo","Khăn trùm đầu che đầu và cổ (Hijab)","Khăn trùm tóc","12.5","14","1.5","15","16","1"
"Thời trang","Thời trang Hồi giáo","Phụ kiện Hồi giáo","Găng tay ống","12.5","14","1.5","15","16","1"
"Thời trang","Thời trang Hồi giáo","Phụ kiện Hồi giáo","Ghim cài khăn trùm đầu","12.5","14","1.5","15","16","1"
"Thời trang","Thời trang Hồi giáo","Phụ kiện Hồi giáo","Tất","12.5","14","1.5","15","16","1"
"Thời trang","Thời trang Hồi giáo","Đồ thể thao Hồi giáo","Đồ bơi Hồi giáo","12.5","15","2.5","15","17.1","2.1"
"Thời trang","Thời trang Hồi giáo","Đồ thể thao Hồi giáo","Bộ quần áo thể thao Hồi giáo","12.5","14","1.5","15","16","1"
"Thời trang","Thời trang Hồi giáo","Trang phục trẻ em Hồi giáo","Trang phục bé trai Hồi giáo","12.5","14","1.5","15","16","1"
"Thời trang","Thời trang Hồi giáo","Trang phục trẻ em Hồi giáo","Trang phục bé gái Hồi giáo","12.5","14","1.5","15","16","1"
"Thời trang","Thời trang Hồi giáo","Trang phục trẻ em Hồi giáo","Khăn trùm đầu cho trẻ em","12.5","14","1.5","15","16","1"
"Thời trang","Thời trang Hồi giáo","Trang phục đàn ông Hồi giáo","Koko & Áo","12.5","14","1.5","15","16","1"
"Thời trang","Thời trang Hồi giáo","Trang phục đàn ông Hồi giáo","Áo choàng","12.5","14","1.5","15","16","1"
"Thời trang","Thời trang Hồi giáo","Trang phục đàn ông Hồi giáo","Quần dài","12.5","14","1.5","15","16","1"
"Thời trang","Thời trang Hồi giáo","Đồ mặc ngoài","Áo cardigan","12.5","14","1.5","15","16","1"
"Thời trang","Thời trang Hồi giáo","Đồ mặc ngoài","Áo choàng","12.5","14","1.5","15","16","1"
"Thời trang","Thời trang Hồi giáo","Đồ mặc ngoài","Áo khoác","12.5","14","1.5","15","16","1"
"Thời trang","Thời trang Hồi giáo","Đồ mặc ngoài","Áo mưa","12.5","15","2.5","15","17.1","2.1"
"Thời trang","Thời trang Hồi giáo","Đồ mặc ngoài","Áo gilê","12.5","14","1.5","15","16","1"
"Thời trang","Thời trang Hồi giáo","Trang phục & trang bị cầu nguyện","Mukena","12.5","14","1.5","15","16","1"
"Thời trang","Thời trang Hồi giáo","Trang phục & trang bị cầu nguyện","Peci","12.5","14","1.5","15","16","1"
"Thời trang","Thời trang Hồi giáo","Trang phục & trang bị cầu nguyện","Thảm cầu nguyện","12.5","14","1.5","15","16","1"
"Thời trang","Thời trang Hồi giáo","Trang phục & trang bị cầu nguyện","Bộ đồ cầu nguyện","12.5","14","1.5","15","16","1"
"Thời trang","Thời trang Hồi giáo","Trang phục & trang bị cầu nguyện","Áo khoác cầu nguyện","12.5","14.5","2","15","17","2"
"Thời trang","Thời trang Hồi giáo","Trang phục & trang bị cầu nguyện","Sarong","12.5","14.5","2","15","17","2"
"Thời trang","Thời trang Hồi giáo","Trang phục & trang bị cầu nguyện","Tasbih","12.5","14.5","2","15","17","2"
"Thời trang","Thời trang Hồi giáo","Thiết bị Umroh","Y phục Ihram","12.5","14","1.5","15","16","1"
"Thời trang","Thời trang Hồi giáo","Thiết bị Umroh","Gói Umroh","12.5","14.5","2","15","17","2"
"Thời trang","Thời trang Hồi giáo","Thiết bị Umroh","Bộ áo sơ mi trắng","12.5","14","1.5","15","16","1"
"Thời trang","Thời trang Hồi giáo","Trang phục phụ nữ Hồi giáo","Abaya","12.5","14","1.5","15","16","1"
"Thời trang","Thời trang Hồi giáo","Trang phục phụ nữ Hồi giáo","Bộ đồ","12.5","14","1.5","15","16","1"
"Thời trang","Thời trang Hồi giáo","Trang phục phụ nữ Hồi giáo","Bộ đồ cho cặp đôi","12.5","14","1.5","15","16","1"
"Thời trang","Thời trang Hồi giáo","Trang phục phụ nữ Hồi giáo","Váy","12.5","14","1.5","15","16","1"
"Thời trang","Thời trang Hồi giáo","Trang phục phụ nữ Hồi giáo","Bộ đồ cho gia đình","12.5","14","1.5","15","16","1"
"Thời trang","Thời trang Hồi giáo","Trang phục phụ nữ Hồi giáo","Gamis","12.5","14","1.5","15","16","1"
"Thời trang","Thời trang Hồi giáo","Trang phục phụ nữ Hồi giáo","Áo liền quần","12.5","14","1.5","15","16","1"
"Thời trang","Thời trang Hồi giáo","Trang phục phụ nữ Hồi giáo","Quần legging","12.5","14","1.5","15","16","1"
"Thời trang","Thời trang Hồi giáo","Trang phục phụ nữ Hồi giáo","Quần Palazzo","12.5","14","1.5","15","16","1"
"Thời trang","Thời trang Hồi giáo","Trang phục phụ nữ Hồi giáo","Áo choàng","12.5","14","1.5","15","16","1"
"Thời trang","Thời trang Hồi giáo","Trang phục phụ nữ Hồi giáo","Áo sơ mi và áo blouse","12.5","14","1.5","15","16","1"
"Thời trang","Thời trang Hồi giáo","Trang phục phụ nữ Hồi giáo","Chân váy","12.5","14","1.5","15","16","1"
"Thời trang","Thời trang Hồi giáo","Trang phục phụ nữ Hồi giáo","Áo Tunic","12.5","14","1.5","15","16","1"
"Thời trang","Thời trang Hồi giáo","Trang phục phụ nữ Hồi giáo","Khuy măng sét & khuy trong","12.5","14.5","2","15","17","2"
"Thời trang","Đã qua sử dụng","Túi xách","Ba lô","13.5","15","1.5","16.1","17.1","1"
"Thời trang","Đã qua sử dụng","Túi xách","Phụ kiện túi xách","13.5","15","1.5","16.1","17.1","1"
"Thời trang","Đã qua sử dụng","Túi xách","Túi đeo hông","13.5","15","1.5","16.1","17.1","1"
"Thời trang","Đã qua sử dụng","Túi xách","Túi đeo chéo","12.5","14","1.5","15","16","1"
"Thời trang","Đã qua sử dụng","Túi xách","Túi mini","13.5","14","0.5","16.1","16","-0.1"
"Thời trang","Đã qua sử dụng","Túi xách","Túi đeo vai","12.5","14","1.5","15","16","1"
"Thời trang","Đã qua sử dụng","Túi xách","Đồ da nhỏ","13.5","14","0.5","16.1","16.1","0"
"Thời trang","Đã qua sử dụng","Túi xách","Túi xách tay","12.5","14","1.5","15","16","1"
"Thời trang","Đã qua sử dụng","Phụ kiện thời trang","Thắt lưng","13.5","15","1.5","16.1","17.1","1"
"Thời trang","Đã qua sử dụng","Phụ kiện thời trang","Găng tay","13.5","15","1.5","16.1","17.1","1"
"Thời trang","Đã qua sử dụng","Phụ kiện thời trang","Mũ","13.5","15","1.5","16.1","17.1","1"
"Thời trang","Đã qua sử dụng","Phụ kiện thời trang","Trang sức cao cấp","13.5","13","-0.5","16.1","15","-1.1"
"Thời trang","Đã qua sử dụng","Phụ kiện thời trang","Kính râm","13.5","14","0.5","16.1","16.1","0"
"Thời trang","Đã qua sử dụng","Giày dép","Bốt","12.5","14","1.5","15","16","1"
"Thời trang","Đã qua sử dụng","Giày dép","Phụ kiện giày dép","12.5","14","1.5","15","16","1"
"Thời trang","Đã qua sử dụng","Giày dép","Giày cao gót","12.5","14","1.5","15","16","1"
"Thời trang","Đã qua sử dụng","Giày dép","Giày tây nam","12.5","14","1.5","15","16","1"
"Thời trang","Đã qua sử dụng","Giày dép","Giày thể thao","12.5","14","1.5","16.1","16","-0.1"
"Thời trang","Đã qua sử dụng","Giày dép","Giày bệt nữ","13.5","14","0.5","16.1","16","-0.1"
"Thời trang","Đã qua sử dụng","Hành lý & Du lịch","Hành lý","12.5","12","-0.5","16.1","14","-2.1"
"Thời trang","Đã qua sử dụng","Hành lý & Du lịch","Phụ kiện hành lý","13.5","14","0.5","16.1","16.1","0"
"Thời trang","Đã qua sử dụng","Hành lý & Du lịch","Túi du lịch","13.5","14","0.5","16.1","16.1","0"
"Thời trang","Đã qua sử dụng","Thời trang nam","Quần nam","13.5","14","0.5","16.1","16.1","0"
"Thời trang","Đã qua sử dụng","Thời trang nam","Áo khoác nam","13.5","15","1.5","16.1","17.1","1"
"Thời trang","Đã qua sử dụng","Thời trang nam","Đồ thể thao nam","13.5","15","1.5","16.1","17.1","1"
"Thời trang","Đã qua sử dụng","Thời trang nam","Bộ vest & quần yếm nam","13.5","14","0.5","16.1","16.1","0"
"Thời trang","Đã qua sử dụng","Thời trang nam","Áo nam","13.5","15","1.5","16.1","17.1","1"
"Thời trang","Đã qua sử dụng","Đồng hồ","Đồng hồ tự động","12.5","14","1.5","15","16","1"
"Thời trang","Đã qua sử dụng","Đồng hồ","Phụ kiện đồng hồ","12.5","14","1.5","15","16","1"
"Thời trang","Đã qua sử dụng","Thời trang nữ","Quần nữ","13.5","15","1.5","16.1","17.1","1"
"Thời trang","Đã qua sử dụng","Thời trang nữ","Váy nữ","13.5","15","1.5","16.1","17.1","1"
"Thời trang","Đã qua sử dụng","Thời trang nữ","Đồ lót, đồ ngủ & đồ mặc nhà nữ","13.5","15","1.5","16.1","17.1","1"
"Thời trang","Đã qua sử dụng","Thời trang nữ","Bộ vest & quần yếm nữ","13.5","15","1.5","16.1","17.1","1"
"Thời trang","Đã qua sử dụng","Thời trang nữ","Áo nữ","13.5","15","1.5","16.1","17.1","1"
"Thời trang","Giày","Giày nam","Giày thể thao đơn giản","12.5","14","1.5","15","16","1"
"Thời trang","Giày","Giày nam","Giày đi dự tiệc","12.5","14","1.5","15","16","1"
"Thời trang","Giày","Giày nam","Bốt","12.5","14","1.5","15","16","1"
"Thời trang","Giày","Giày nam","Giày oxford","12.5","14","1.5","15","16","1"
"Thời trang","Giày","Giày nam","Giày hở gót & Guốc","12.5","14","1.5","15","16","1"
"Thời trang","Giày","Giày nam","Dép xăng đan & Dép tông","12.5","14","1.5","15","16","1"
"Thời trang","Giày","Giày nam","Giày lười & giày đế bằng","12.5","14","1.5","15","16","1"
"Thời trang","Giày","Giày nam","Dép lê","12.5","14","1.5","15","16","1"
"Thời trang","Giày","Giày nam","Giày cưới","12.5","14","1.5","15","16","1"
"Thời trang","Giày","Giày nam","Giày lao động & bảo hộ","12.5","14","1.5","15","16","1"
"Thời trang","Giày","Phụ kiện giày","Vệ sinh & Bảo quản","12.5","14","1.5","15","16","1"
"Thời trang","Giày","Phụ kiện giày","Lót giày & Lót gót chân","12.5","14","1.5","15","16","1"
"Thời trang","Giày","Phụ kiện giày","Lót bảo vệ mũi giày & bốt","12.5","14.5","2","15","17","2"
"Thời trang","Giày","Phụ kiện giày","Phụ kiện trang trí giày","12.5","14.5","2","15","17","2"
"Thời trang","Giày","Phụ kiện giày","Đón gót & Phom giày","12.5","14.5","2","15","17","2"
"Thời trang","Giày","Phụ kiện giày","Dây giày","12.5","14","1.5","15","16","1"
"Thời trang","Giày","Giày nữ","Giày thể thao đơn giản","12.5","14","1.5","15","16","1"
"Thời trang","Giày","Giày nữ","Đế bằng","12.5","14","1.5","15","16","1"
"Thời trang","Giày","Giày nữ","Cao gót","12.5","14","1.5","15","16","1"
"Thời trang","Giày","Giày nữ","Giày Mary Jane","13.5","15","1.5","15","17.1","2.1"
"Thời trang","Giày","Giày nữ","Giày hở gót & Guốc","12.5","14","1.5","15","16","1"
"Thời trang","Giày","Giày nữ","Giày oxford","12.5","14","1.5","15","16","1"
"Thời trang","Giày","Giày nữ","Dép xăng đan & Dép tông","13.5","15","1.5","16.1","17.1","1"
"Thời trang","Giày","Giày nữ","Giày lười","12.5","14","1.5","15","16","1"
"Thời trang","Giày","Giày nữ","Dép lê","13.5","15","1.5","16.1","17.1","1"
"Thời trang","Giày","Giày nữ","Bốt","12.5","14","1.5","15","16","1"
"Thời trang","Giày","Giày nữ","Giày lao động & bảo hộ","12.5","14","1.5","15","16","1"
"Thời trang","Thể thao & Ngoài trời","Thiết bị các môn thể thao bóng","Bóng bầu dục Mỹ","12.5","12","-0.5","15","14","-1"
"Thời trang","Thể thao & Ngoài trời","Thiết bị các môn thể thao bóng","Bóng ném Mỹ","12.5","12","-0.5","15","14","-1"
"Thời trang","Thể thao & Ngoài trời","Thiết bị các môn thể thao bóng","Cầu lông","12.5","12","-0.5","15","14","-1"
"Thời trang","Thể thao & Ngoài trời","Thiết bị các môn thể thao bóng","Bóng chày","12.5","12","-0.5","15","14","-1"
"Thời trang","Thể thao & Ngoài trời","Thiết bị các môn thể thao bóng","Bóng rổ","12.5","12","-0.5","15","14","-1"
"Thời trang","Thể thao & Ngoài trời","Thiết bị các môn thể thao bóng","Bida & Snooker","12.5","12","-0.5","15","14","-1"
"Thời trang","Thể thao & Ngoài trời","Thiết bị các môn thể thao bóng","Bowling","12.5","12","-0.5","15","14","-1"
"Thời trang","Thể thao & Ngoài trời","Thiết bị các môn thể thao bóng","Bóng gậy","12.5","12","-0.5","15","14","-1"
"Thời trang","Thể thao & Ngoài trời","Thiết bị các môn thể thao bóng","Khúc côn cầu","12.5","15","2.5","15","17.1","2.1"
"Thời trang","Thể thao & Ngoài trời","Thiết bị các môn thể thao bóng","Bóng đá","12.5","12","-0.5","15","14","-1"
"Thời trang","Thể thao & Ngoài trời","Thiết bị các môn thể thao bóng","Bóng đá trong nhà","12.5","12","-0.5","15","14","-1"
"Thời trang","Thể thao & Ngoài trời","Thiết bị các môn thể thao bóng","Golf","12.5","12","-0.5","15","14","-1"
"Thời trang","Thể thao & Ngoài trời","Thiết bị các môn thể thao bóng","Bóng ném","12.5","12","-0.5","15","14","-1"
"Thời trang","Thể thao & Ngoài trời","Thiết bị các môn thể thao bóng","Bóng lưới","12.5","12","-0.5","15","14","-1"
"Thời trang","Thể thao & Ngoài trời","Thiết bị các môn thể thao bóng","Mã cầu","12.5","12.5","0","15","15","0"
"Thời trang","Thể thao & Ngoài trời","Thiết bị các môn thể thao bóng","Bóng bầu dục Rugby","12.5","12","-0.5","15","14","-1"
"Thời trang","Thể thao & Ngoài trời","Thiết bị các môn thể thao bóng","Bóng mềm","12.5","12","-0.5","15","14","-1"
"Thời trang","Thể thao & Ngoài trời","Thiết bị các môn thể thao bóng","Bóng quần","12.5","12","-0.5","15","14","-1"
"Thời trang","Thể thao & Ngoài trời","Thiết bị các môn thể thao bóng","Bóng bàn","12.5","12","-0.5","15","14","-1"
"Thời trang","Thể thao & Ngoài trời","Thiết bị các môn thể thao bóng","Tennis","12.5","12","-0.5","15","14","-1"
"Thời trang","Thể thao & Ngoài trời","Thiết bị các môn thể thao bóng","Bóng chuyền","12.5","12","-0.5","15","14","-1"
"Thời trang","Thể thao & Ngoài trời","Thiết bị cắm trại & đi bộ đường dài","Ống nhòm & Kính thiên văn","12.5","12","-0.5","15","14","-1"
"Thời trang","Thể thao & Ngoài trời","Thiết bị cắm trại & đi bộ đường dài","Đồ dùng bếp cắm trại","12.5","12","-0.5","15","14","-1"
"Thời trang","Thể thao & Ngoài trời","Thiết bị cắm trại & đi bộ đường dài","Nội thất cắm trại","12.5","12","-0.5","15","14","-1"
"Thời trang","Thể thao & Ngoài trời","Thiết bị cắm trại & đi bộ đường dài","La bàn","12.5","12","-0.5","15","14","-1"
"Thời trang","Thể thao & Ngoài trời","Thiết bị cắm trại & đi bộ đường dài","Võng","12.5","12","-0.5","15","14","-1"
"Thời trang","Thể thao & Ngoài trời","Thiết bị cắm trại & đi bộ đường dài","Gậy đi bộ đường dài","12.5","12","-0.5","15","14","-1"
"Thời trang","Thể thao & Ngoài trời","Thiết bị cắm trại & đi bộ đường dài","Dao & Bộ dụng cụ sinh tồn","12.5","12","-0.5","15","14","-1"
"Thời trang","Thể thao & Ngoài trời","Thiết bị cắm trại & đi bộ đường dài","Đèn cắm trại","12.5","12","-0.5","15","14","-1"
"Thời trang","Thể thao & Ngoài trời","Thiết bị cắm trại & đi bộ đường dài","vệ sinh cắm trại","12.5","12","-0.5","15","14","-1"
"Thời trang","Thể thao & Ngoài trời","Thiết bị cắm trại & đi bộ đường dài","Thảm & Giỏ dã ngoại","12.5","12","-0.5","15","14","-1"
"Thời trang","Thể thao & Ngoài trời","Thiết bị cắm trại & đi bộ đường dài","Túi ngủ & Bộ chăn ga gối đệm","12.5","12","-0.5","15","14","-1"
"Thời trang","Thể thao & Ngoài trời","Thiết bị cắm trại & đi bộ đường dài","Lều & Phụ kiện","12.5","12","-0.5","15","14","-1"
"Thời trang","Thể thao & Ngoài trời","Thiết bị cắm trại & đi bộ đường dài","Máy lọc nước, máy lọc và bảo quản","12.5","12","-0.5","15","14","-1"
"Thời trang","Thể thao & Ngoài trời","Cửa hàng dành cho người hâm mộ","Bóng rổ","12.5","12","-0.5","15","14","-1"
"Thời trang","Thể thao & Ngoài trời","Cửa hàng dành cho người hâm mộ","Bóng gậy","12.5","12","-0.5","15","14","-1"
"Thời trang","Thể thao & Ngoài trời","Cửa hàng dành cho người hâm mộ","Chơi game","12.5","14","1.5","15","16.1","1.1"
"Thời trang","Thể thao & Ngoài trời","Cửa hàng dành cho người hâm mộ","Golf","12.5","12","-0.5","15","14","-1"
"Thời trang","Thể thao & Ngoài trời","Cửa hàng dành cho người hâm mộ","Giải bóng đá Ngoại hạng Anh","12.5","14","1.5","15","16.1","1.1"
"Thời trang","Thể thao & Ngoài trời","Cửa hàng dành cho người hâm mộ","Tennis","12.5","12","-0.5","15","14","-1"
"Thời trang","Thể thao & Ngoài trời","Thiết bị tập thể hình","Tập bụng","12.5","12","-0.5","15","14","-1"
"Thời trang","Thể thao & Ngoài trời","Thiết bị tập thể hình","Thiết bị tập luyện sự nhanh nhạy","12.5","12","-0.5","15","14","-1"
"Thời trang","Thể thao & Ngoài trời","Thiết bị tập thể hình","Thiết bị tập thể hình dưới nước","12.5","12","-0.5","15","14","-1"
"Thời trang","Thể thao & Ngoài trời","Thiết bị tập thể hình","Thiết bị tập luyện cân bằng","12.5","12","-0.5","15","14","-1"
"Thời trang","Thể thao & Ngoài trời","Thiết bị tập thể hình","Vòng lắc eo","12.5","12","-0.5","15","14","-1"
"Thời trang","Thể thao & Ngoài trời","Thiết bị tập thể hình","Phụ kiện máy tập thể dục","12.5","12","-0.5","15","14","-1"
"Thời trang","Thể thao & Ngoài trời","Thiết bị tập thể hình","Máy tập thể hình","12.5","12","-0.5","15","14","-1"
"Thời trang","Thể thao & Ngoài trời","Thiết bị tập thể hình","Bóng tập gym","12.5","12","-0.5","15","14","-1"
"Thời trang","Thể thao & Ngoài trời","Thiết bị tập thể hình","Bộ tập tăng cường sức mạnh cho tay","12.5","12","-0.5","15","14","-1"
"Thời trang","Thể thao & Ngoài trời","Thiết bị tập thể hình","Xà đơn","12.5","12","-0.5","15","14","-1"
"Thời trang","Thể thao & Ngoài trời","Thiết bị tập thể hình","Dây kéo đàn hồi","12.5","12","-0.5","15","14","-1"
"Thời trang","Thể thao & Ngoài trời","Thiết bị tập thể hình","Xe trượt scooter & Xe ngồi lái","12.5","12","-0.5","15","14","-1"
"Thời trang","Thể thao & Ngoài trời","Thiết bị tập thể hình","Dây nhảy","12.5","12","-0.5","15","14","-1"
"Thời trang","Thể thao & Ngoài trời","Thiết bị tập thể hình","Thảm thể thao","12.5","12","-0.5","15","14","-1"
"Thời trang","Thể thao & Ngoài trời","Thiết bị tập thể hình","Bộ dây tập kháng lực","12.5","12","-0.5","15","14","-1"
"Thời trang","Thể thao & Ngoài trời","Thiết bị tập thể hình","Giàn nhún","12.5","12","-0.5","15","14","-1"
"Thời trang","Thể thao & Ngoài trời","Thiết bị tập thể hình","Tập tạ","12.5","12","-0.5","15","14","-1"
"Thời trang","Thể thao & Ngoài trời","Thiết bị giải trí ngoài trời & thư giãn","Thể dục nhịp điệu","12.5","12","-0.5","15","14","-1"
"Thời trang","Thể thao & Ngoài trời","Thiết bị giải trí ngoài trời & thư giãn","Trò chơi giả lập quân sự nhập vai","12.5","12","-0.5","15","14","-1"
"Thời trang","Thể thao & Ngoài trời","Thiết bị giải trí ngoài trời & thư giãn","Bắn cung","12.5","12","-0.5","15","14","-1"
"Thời trang","Thể thao & Ngoài trời","Thiết bị giải trí ngoài trời & thư giãn","Ba lê & Khiêu vũ","12.5","12","-0.5","15","14","-1"
"Thời trang","Thể thao & Ngoài trời","Thiết bị giải trí ngoài trời & thư giãn","Quyền anh & Võ thuật","12.5","12","-0.5","15","14","-1"
"Thời trang","Thể thao & Ngoài trời","Thiết bị giải trí ngoài trời & thư giãn","Nhảy cổ vũ","12.5","12","-0.5","15","14","-1"
"Thời trang","Thể thao & Ngoài trời","Thiết bị giải trí ngoài trời & thư giãn","Leo núi","12.5","12","-0.5","15","14","-1"
"Thời trang","Thể thao & Ngoài trời","Thiết bị giải trí ngoài trời & thư giãn","Phi tiêu","12.5","12","-0.5","15","14","-1"
"Thời trang","Thể thao & Ngoài trời","Thiết bị giải trí ngoài trời & thư giãn","Thể thao đĩa bay","12.5","12","-0.5","15","14","-1"
"Thời trang","Thể thao & Ngoài trời","Thiết bị giải trí ngoài trời & thư giãn","Thể thao điện tử","12.5","14","1.5","15","16.1","1.1"
"Thời trang","Thể thao & Ngoài trời","Thiết bị giải trí ngoài trời & thư giãn","Cưỡi ngựa","12.5","12","-0.5","15","14","-1"
"Thời trang","Thể thao & Ngoài trời","Thiết bị giải trí ngoài trời & thư giãn","Đấu kiếm","12.5","12","-0.5","15","14","-1"
"Thời trang","Thể thao & Ngoài trời","Thiết bị giải trí ngoài trời & thư giãn","Câu cá","12.5","12","-0.5","15","14","-1"
"Thời trang","Thể thao & Ngoài trời","Thiết bị giải trí ngoài trời & thư giãn","Thể dục dụng cụ","12.5","12","-0.5","15","14","-1"
"Thời trang","Thể thao & Ngoài trời","Thiết bị giải trí ngoài trời & thư giãn","Săn bắn","12.5","12","-0.5","15","14","-1"
"Thời trang","Thể thao & Ngoài trời","Thiết bị giải trí ngoài trời & thư giãn","Giải trí trong nhà","12.5","12","-0.5","15","14","-1"
"Thời trang","Thể thao & Ngoài trời","Thiết bị giải trí ngoài trời & thư giãn","Trượt patin","12.5","12","-0.5","15","14","-1"
"Thời trang","Thể thao & Ngoài trời","Thiết bị giải trí ngoài trời & thư giãn","Judo","12.5","12","-0.5","15","14","-1"
"Thời trang","Thể thao & Ngoài trời","Thiết bị giải trí ngoài trời & thư giãn","Võ Karate","12.5","12","-0.5","15","14","-1"
"Thời trang","Thể thao & Ngoài trời","Thiết bị giải trí ngoài trời & thư giãn","Côn nhị khúc","12.5","12","-0.5","15","14","-1"
"Thời trang","Thể thao & Ngoài trời","Thiết bị giải trí ngoài trời & thư giãn","Bắn súng sơn","12.5","12","-0.5","15","14","-1"
"Thời trang","Thể thao & Ngoài trời","Thiết bị giải trí ngoài trời & thư giãn","Đua","12.5","12","-0.5","15","14","-1"
"Thời trang","Thể thao & Ngoài trời","Thiết bị giải trí ngoài trời & thư giãn","Chạy","12.5","12","-0.5","15","14","-1"
"Thời trang","Thể thao & Ngoài trời","Thiết bị giải trí ngoài trời & thư giãn","Trượt ván","12.5","12","-0.5","15","14","-1"
"Thời trang","Thể thao & Ngoài trời","Thiết bị giải trí ngoài trời & thư giãn","Nhảy dù","12.5","12","-0.5","15","14","-1"
"Thời trang","Thể thao & Ngoài trời","Thiết bị giải trí ngoài trời & thư giãn","Taekwondo","12.5","12","-0.5","15","14","-1"
"Thời trang","Thể thao & Ngoài trời","Thiết bị giải trí ngoài trời & thư giãn","Điền kinh trong sân vận động","12.5","12","-0.5","15","14","-1"
"Thời trang","Thể thao & Ngoài trời","Thiết bị giải trí ngoài trời & thư giãn","Ba môn phối hợp","12.5","12","-0.5","15","14","-1"
"Thời trang","Thể thao & Ngoài trời","Thiết bị giải trí ngoài trời & thư giãn","Đấu vật","12.5","12.5","0","15","15","0"
"Thời trang","Thể thao & Ngoài trời","Thiết bị giải trí ngoài trời & thư giãn","Yoga & Pilates","12.5","12","-0.5","15","14","-1"
"Thời trang","Thể thao & Ngoài trời","Đồ thể thao & ngoài trời","Đồ khiêu vũ & Trang phục khiêu vũ","13.5","15","1.5","16.1","17.1","1"
"Thời trang","Thể thao & Ngoài trời","Đồ thể thao & ngoài trời","Quần jogger","13.5","15","1.5","16.1","17.1","1"
"Thời trang","Thể thao & Ngoài trời","Đồ thể thao & ngoài trời","Trang phục thể thao trẻ em","13.5","15","1.5","16.1","17.1","1"
"Thời trang","Thể thao & Ngoài trời","Đồ thể thao & ngoài trời","Đồ bơi trẻ em","13.5","15","1.5","16.1","17.1","1"
"Thời trang","Thể thao & Ngoài trời","Đồ thể thao & ngoài trời","Áo thể thao","13.5","15","1.5","16.1","17.1","1"
"Thời trang","Thể thao & Ngoài trời","Đồ thể thao & ngoài trời","Áo bơi dài tay","13.5","15","1.5","16.1","17.1","1"
"Thời trang","Thể thao & Ngoài trời","Đồ thể thao & ngoài trời","Áo mưa thể thao","13.5","15","1.5","16.1","17.1","1"
"Thời trang","Thể thao & Ngoài trời","Đồ thể thao & ngoài trời","Đồ lót giữ ấm thể thao","13.5","15","1.5","16.1","17.1","1"
"Thời trang","Thể thao & Ngoài trời","Đồ thể thao & ngoài trời","Quần legging thể thao","12.5","15","2.5","16.1","17.1","1"
"Thời trang","Thể thao & Ngoài trời","Đồ thể thao & ngoài trời","Áo lót thể thao","13.5","15","1.5","16.1","17.1","1"
"Thời trang","Thể thao & Ngoài trời","Đồ thể thao & ngoài trời","Bộ quần áo thể thao","13.5","15","1.5","16.1","17.1","1"
"Thời trang","Thể thao & Ngoài trời","Đồ thể thao & ngoài trời","Váy liền thể thao","13.5","15","1.5","16.1","17.1","1"
"Thời trang","Thể thao & Ngoài trời","Đồ thể thao & ngoài trời","Đồ mặc ngoài theo phong cách thể thao & áo hoodie","13.5","15","1.5","16.1","17.1","1"
"Thời trang","Thể thao & Ngoài trời","Đồ thể thao & ngoài trời","Quần short thể thao","13.5","15","1.5","16.1","17.1","1"
"Thời trang","Thể thao & Ngoài trời","Đồ thể thao & ngoài trời","Chân váy thể thao","13.5","15","1.5","16.1","17.1","1"
"Thời trang","Thể thao & Ngoài trời","Đồ thể thao & ngoài trời","Áo thun thể thao","13.5","15","1.5","16.1","17.1","1"
"Thời trang","Thể thao & Ngoài trời","Đồ thể thao & ngoài trời","Quần áo lót thể thao","13.5","15","1.5","16.1","17.1","1"
"Thời trang","Thể thao & Ngoài trời","Đồ thể thao & ngoài trời","Áo khoác thể thao","13.5","15","1.5","16.1","17.1","1"
"Thời trang","Thể thao & Ngoài trời","Phụ kiện thể thao & ngoài trời","Trang bị cho huấn luyện viên & trọng tài","13.5","15","1.5","16.1","17.1","1"
"Thời trang","Thể thao & Ngoài trời","Phụ kiện thể thao & ngoài trời","Khăn che mặt & khẩu trang","13.5","15","1.5","16.1","17.1","1"
"Thời trang","Thể thao & Ngoài trời","Phụ kiện thể thao & ngoài trời","Túi thể thao","13.5","15","1.5","16.1","17.1","1"
"Thời trang","Thể thao & Ngoài trời","Phụ kiện thể thao & ngoài trời","Phấn viết tay","13.5","15","1.5","16.1","17.1","1"
"Thời trang","Thể thao & Ngoài trời","Phụ kiện thể thao & ngoài trời","Áo phao cứu hộ","13.5","12","-1.5","16.1","14","-2.1"
"Thời trang","Thể thao & Ngoài trời","Phụ kiện thể thao & ngoài trời","Máy đếm bước chân","13.5","15","1.5","16.1","17.1","1"
"Thời trang","Thể thao & Ngoài trời","Phụ kiện thể thao & ngoài trời","Đồ bảo hộ","13.5","15","1.5","16.1","17.1","1"
"Thời trang","Thể thao & Ngoài trời","Phụ kiện thể thao & ngoài trời","Mũ thể thao & ngoài trời","13.5","15","1.5","16.1","17.1","1"
"Thời trang","Thể thao & Ngoài trời","Phụ kiện thể thao & ngoài trời","Kính mắt thể thao","13.5","15","1.5","16.1","17.1","1"
"Thời trang","Thể thao & Ngoài trời","Phụ kiện thể thao & ngoài trời","Găng tay thể thao","13.5","15","1.5","16.1","17.1","1"
"Thời trang","Thể thao & Ngoài trời","Phụ kiện thể thao & ngoài trời","Băng đô thể thao","13.5","15","1.5","16.1","17.1","1"
"Thời trang","Thể thao & Ngoài trời","Phụ kiện thể thao & ngoài trời","Túi đựng giày","13.5","15","1.5","16.1","17.1","1"
"Thời trang","Thể thao & Ngoài trời","Phụ kiện thể thao & ngoài trời","Ống tay thể thao & hỗ trợ","13.5","15","1.5","16.1","17.1","1"
"Thời trang","Thể thao & Ngoài trời","Phụ kiện thể thao & ngoài trời","Tất thể thao","13.5","15","1.5","16.1","17.1","1"
"Thời trang","Thể thao & Ngoài trời","Phụ kiện thể thao & ngoài trời","Băng thể thao","13.5","15","1.5","16.1","17.1","1"
"Thời trang","Thể thao & Ngoài trời","Phụ kiện thể thao & ngoài trời","Bình nước thể thao","13.5","15","1.5","16.1","17.1","1"
"Thời trang","Thể thao & Ngoài trời","Phụ kiện thể thao & ngoài trời","Vòng tay thể thao","13.5","15","1.5","16.1","17.1","1"
"Thời trang","Thể thao & Ngoài trời","Phụ kiện thể thao & ngoài trời","Đồng hồ bấm giờ và đồng hồ hẹn giờ","13.5","15","1.5","16.1","17.1","1"
"Thời trang","Thể thao & Ngoài trời","Phụ kiện thể thao & ngoài trời","Mũ bơi","13.5","15","1.5","16.1","17.1","1"
"Thời trang","Thể thao & Ngoài trời","Phụ kiện thể thao & ngoài trời","Danh hiệu, huy chương & giải thưởng","13.5","15","1.5","16.1","17.1","1"
"Thời trang","Thể thao & Ngoài trời","Giày thể thao","Giày cầu lông","12.5","13","0.5","15","15","0"
"Thời trang","Thể thao & Ngoài trời","Giày thể thao","Giày bóng chày","12.5","13","0.5","15","15","0"
"Thời trang","Thể thao & Ngoài trời","Giày thể thao","Giày bóng rổ","12.5","13","0.5","15","15","0"
"Thời trang","Thể thao & Ngoài trời","Giày thể thao","Giày đạp xe","12.5","13","0.5","15","15","0"
"Thời trang","Thể thao & Ngoài trời","Giày thể thao","Giày khiêu vũ","12.5","13","0.5","15","15","0"
"Thời trang","Thể thao & Ngoài trời","Giày thể thao","Giày bóng đá","12.5","13","0.5","15","15","0"
"Thời trang","Thể thao & Ngoài trời","Giày thể thao","Giày futsal","12.5","13","0.5","15","15","0"
"Thời trang","Thể thao & Ngoài trời","Giày thể thao","Giày chơi gôn","12.5","13","0.5","15","15","0"
"Thời trang","Thể thao & Ngoài trời","Giày thể thao","Giày đi bộ đường dài","12.5","13","0.5","15","15","0"
"Thời trang","Thể thao & Ngoài trời","Giày thể thao","Giày thể thao trẻ em","12.5","13","0.5","15","15","0"
"Thời trang","Thể thao & Ngoài trời","Giày thể thao","Giày trượt băng & trượt patin","12.5","13","0.5","15","15","0"
"Thời trang","Thể thao & Ngoài trời","Giày thể thao","Giày chạy bộ","12.5","13","0.5","15","15","0"
"Thời trang","Thể thao & Ngoài trời","Giày thể thao","Giày trượt ván","12.5","13","0.5","15","15","0"
"Thời trang","Thể thao & Ngoài trời","Giày thể thao","Phụ kiện giày thể thao","12.5","12","-0.5","15","14","-1"
"Thời trang","Thể thao & Ngoài trời","Giày thể thao","Giày sandal thể theo","12.5","13","0.5","15","15","0"
"Thời trang","Thể thao & Ngoài trời","Giày thể thao","Giày chơi tennis","12.5","13","0.5","15","15","0"
"Thời trang","Thể thao & Ngoài trời","Giày thể thao","Giày tập luyện & Giày tập gym","12.5","13","0.5","15","15","0"
"Thời trang","Thể thao & Ngoài trời","Giày thể thao","Giày bóng chuyền","12.5","13","0.5","15","15","0"
"Thời trang","Thể thao & Ngoài trời","Giày thể thao","Giày đi bộ","12.5","13","0.5","15","15","0"
"Thời trang","Thể thao & Ngoài trời","Giày thể thao","Giày lội nước","12.5","13","0.5","15","15","0"
"Thời trang","Thể thao & Ngoài trời","Đồ bơi, đồ lướt sóng & đồ lặn","Bikini","13.5","15","1.5","16.1","17.1","1"
"Thời trang","Thể thao & Ngoài trời","Đồ bơi, đồ lướt sóng & đồ lặn","Quần lót","13.5","15","1.5","16.1","17.1","1"
"Thời trang","Thể thao & Ngoài trời","Đồ bơi, đồ lướt sóng & đồ lặn","Đồ mặc đi biển","13.5","15","1.5","16.1","17.1","1"
"Thời trang","Thể thao & Ngoài trời","Đồ bơi, đồ lướt sóng & đồ lặn","Đồ bơi một mảnh","13.5","15","1.5","16.1","17.1","1"
"Thời trang","Thể thao & Ngoài trời","Đồ bơi, đồ lướt sóng & đồ lặn","Đồ bơi chuyên nghiệp","13.5","15","1.5","16.1","17.1","1"
"Thời trang","Thể thao & Ngoài trời","Đồ bơi, đồ lướt sóng & đồ lặn","Đồ bơi dài tay","13.5","15","1.5","16.1","17.1","1"
"Thời trang","Thể thao & Ngoài trời","Đồ bơi, đồ lướt sóng & đồ lặn","Quần bơi ngắn và quần bơi","13.5","15","1.5","16.1","17.1","1"
"Thời trang","Thể thao & Ngoài trời","Đồ bơi, đồ lướt sóng & đồ lặn","Váy bơi","13.5","15","1.5","16.1","17.1","1"
"Thời trang","Thể thao & Ngoài trời","Đồ bơi, đồ lướt sóng & đồ lặn","Tankini","13.5","15","1.5","16.1","17.1","1"
"Thời trang","Thể thao & Ngoài trời","Đồ bơi, đồ lướt sóng & đồ lặn","Đồ lặn","13.5","15","1.5","16.1","17.1","1"
"Thời trang","Thể thao & Ngoài trời","Thiết bị thể thao dưới nước","Chèo thuyền","12.5","12","-0.5","15","14","-1"
"Thời trang","Thể thao & Ngoài trời","Thiết bị thể thao dưới nước","Chèo ca nô","12.5","12","-0.5","15","14","-1"
"Thời trang","Thể thao & Ngoài trời","Thiết bị thể thao dưới nước","Lặn","12.5","12","-0.5","15","14","-1"
"Thời trang","Thể thao & Ngoài trời","Thiết bị thể thao dưới nước","Chèo kayak","12.5","12","-0.5","15","14","-1"
"Thời trang","Thể thao & Ngoài trời","Thiết bị thể thao dưới nước","Lướt ván diều","12.5","12.5","0","15","15","0"
"Thời trang","Thể thao & Ngoài trời","Thiết bị thể thao dưới nước","Đi thuyền","12.5","12","-0.5","15","14","-1"
"Thời trang","Thể thao & Ngoài trời","Thiết bị thể thao dưới nước","Chèo ván đứng","12.5","12","-0.5","15","14","-1"
"Thời trang","Thể thao & Ngoài trời","Thiết bị thể thao dưới nước","Lướt ván","12.5","12","-0.5","15","14","-1"
"Thời trang","Thể thao & Ngoài trời","Thiết bị thể thao dưới nước","Bơi lội","12.5","12","-0.5","15","14","-1"
"Thời trang","Thể thao & Ngoài trời","Thiết bị thể thao dưới nước","Bóng nước","12.5","12","-0.5","15","14","-1"
"Thời trang","Thể thao & Ngoài trời","Thiết bị thể thao dưới nước","Trượt nước & Lướt ván ca nô","12.5","12","-0.5","15","14","-1"
"Thời trang","Thể thao & Ngoài trời","Thiết bị thể thao dưới nước","Lướt ván buồm","12.5","12","-0.5","15","14","-1"
"Thời trang","Thể thao & Ngoài trời","Thiết bị thể thao mùa đông","Bi đá trên băng","12.5","12","-0.5","15","14","-1"
"Thời trang","Thể thao & Ngoài trời","Thiết bị thể thao mùa đông","Khúc côn cầu trên băng","12.5","12","-0.5","15","14","-1"
"Thời trang","Thể thao & Ngoài trời","Thiết bị thể thao mùa đông","Trượt băng","12.5","12","-0.5","15","14","-1"
"Thời trang","Thể thao & Ngoài trời","Thiết bị thể thao mùa đông","Trượt tuyết","12.5","12","-0.5","15","14","-1"
"Thời trang","Thể thao & Ngoài trời","Thiết bị thể thao mùa đông","Trượt ván","12.5","12","-0.5","15","14","-1"
"Thời trang","Thể thao & Ngoài trời","Thiết bị thể thao mùa đông","Trượt ván trên tuyết","12.5","12","-0.5","15","14","-1"
"Thời trang","Thể thao & Ngoài trời","Thiết bị thể thao mùa đông","Trượt tuyết bằng giầy","12.5","12","-0.5","15","14","-1"
"Thời trang","Trang phục nữ & Đồ lót","Quần nữ","Quần jean","13.5","15","1.5","16.1","17.1","1"
"Thời trang","Trang phục nữ & Đồ lót","Quần nữ","Quần legging","13.5","15","1.5","16.1","17.1","1"
"Thời trang","Trang phục nữ & Đồ lót","Quần nữ","Quần dài","13.5","15","1.5","16.1","17.1","1"
"Thời trang","Trang phục nữ & Đồ lót","Quần nữ","Quần phối chân váy & quần short váy","13.5","15","1.5","16.1","17.1","1"
"Thời trang","Trang phục nữ & Đồ lót","Quần nữ","Quần short","13.5","15","1.5","16.1","17.1","1"
"Thời trang","Trang phục nữ & Đồ lót","Quần nữ","Chân váy","13.5","15","1.5","16.1","17.1","1"
"Thời trang","Trang phục nữ & Đồ lót","Váy nữ","Váy phù dâu","13.5","15","1.5","16.1","17.1","1"
"Thời trang","Trang phục nữ & Đồ lót","Váy nữ","Váy thường mặc","13.5","15","1.5","16.1","17.1","1"
"Thời trang","Trang phục nữ & Đồ lót","Váy nữ","Váy dự tiệc","13.5","15","1.5","16.1","17.1","1"
"Thời trang","Trang phục nữ & Đồ lót","Váy nữ","Váy cưới","13.5","15","1.5","16.1","17.1","1"
"Thời trang","Trang phục nữ & Đồ lót","Đồ ngủ & đồ mặc nhà cho nữ","Áo choàng tắm & Áo choàng","13.5","15","1.5","16.1","17.1","1"
"Thời trang","Trang phục nữ & Đồ lót","Đồ ngủ & đồ mặc nhà cho nữ","Váy ngủ","13.5","15","1.5","16.1","17.1","1"
"Thời trang","Trang phục nữ & Đồ lót","Đồ ngủ & đồ mặc nhà cho nữ","Áo liền quần rộng","13.5","15","1.5","16.1","17.1","1"
"Thời trang","Trang phục nữ & Đồ lót","Đồ ngủ & đồ mặc nhà cho nữ","Bộ ngủ","13.5","15","1.5","16.1","17.1","1"
"Thời trang","Trang phục nữ & Đồ lót","Trang phục đặc biệt dành cho nữ","Trang phục & Phụ kiện","13.5","15","1.5","16.1","17.1","1"
"Thời trang","Trang phục nữ & Đồ lót","Trang phục đặc biệt dành cho nữ","Trang phục truyền thống","13.5","15","1.5","16.1","17.1","1"
"Thời trang","Trang phục nữ & Đồ lót","Trang phục đặc biệt dành cho nữ","Quần áo bảo hộ lao động & Đồng phục","13.5","15","1.5","16.1","17.1","1"
"Thời trang","Trang phục nữ & Đồ lót","Bộ vét và quần yếm nữ","Bộ đồ cho cặp đôi","13.5","15","1.5","16.1","17.1","1"
"Thời trang","Trang phục nữ & Đồ lót","Bộ vét và quần yếm nữ","Bộ đồ cho gia đình","13.5","15","1.5","16.1","17.1","1"
"Thời trang","Trang phục nữ & Đồ lót","Bộ vét và quần yếm nữ","Quần yếm","13.5","15","1.5","16.1","17.1","1"
"Thời trang","Trang phục nữ & Đồ lót","Bộ vét và quần yếm nữ","Bộ","13.5","15","1.5","16.1","17.1","1"
"Thời trang","Trang phục nữ & Đồ lót","Bộ vét và quần yếm nữ","Bộ vét","13.5","15","1.5","16.1","17.1","1"
"Thời trang","Trang phục nữ & Đồ lót","Áo nữ","Áo cánh & Áo sơ mi","13.5","15","1.5","16.1","17.1","1"
"Thời trang","Trang phục nữ & Đồ lót","Áo nữ","Bodysuit","13.5","15","1.5","16.1","17.1","1"
"Thời trang","Trang phục nữ & Đồ lót","Áo nữ","Áo hoodie & Áo len","13.5","15","1.5","16.1","17.1","1"
"Thời trang","Trang phục nữ & Đồ lót","Áo nữ","Áo khoác & Áo choàng","12.5","14","1.5","15","16","1"
"Thời trang","Trang phục nữ & Đồ lót","Áo nữ","Hàng dệt kim","13.5","15","1.5","16.1","17.1","1"
"Thời trang","Trang phục nữ & Đồ lót","Áo nữ","Áo Polo","13.5","15","1.5","16.1","17.1","1"
"Thời trang","Trang phục nữ & Đồ lót","Áo nữ","Áo thun","13.5","15","1.5","16.1","17.1","1"
"Thời trang","Trang phục nữ & Đồ lót","Áo nữ","Áo vest, Tank Top & Áo quây","13.5","15","1.5","16.1","17.1","1"
"Thời trang","Trang phục nữ & Đồ lót","Áo nữ","Áo gilê","12.5","14","1.5","15","16","1"
"Thời trang","Trang phục nữ & Đồ lót","Đồ lót nữ","Phụ kiện áo lót","13.5","15","1.5","16.1","17.1","1"
"Thời trang","Trang phục nữ & Đồ lót","Đồ lót nữ","Áo lót không gọng","13.5","15","1.5","16.1","17.1","1"
"Thời trang","Trang phục nữ & Đồ lót","Đồ lót nữ","Áo lót","13.5","15","1.5","16.1","17.1","1"
"Thời trang","Trang phục nữ & Đồ lót","Đồ lót nữ","Đồ nội y","13.5","15","1.5","16.1","17.1","1"
"Thời trang","Trang phục nữ & Đồ lót","Đồ lót nữ","Quần lót","13.5","15","1.5","16.1","17.1","1"
"Thời trang","Trang phục nữ & Đồ lót","Đồ lót nữ","Đồ lót định hình","13.5","15","1.5","16.1","17.1","1"
"Thời trang","Trang phục nữ & Đồ lót","Đồ lót nữ","Tất","13.5","15","1.5","16.1","17.1","1"
"Thời trang","Trang phục nữ & Đồ lót","Đồ lót nữ","Đồ giữ ấm mặc bên trong","13.5","15","1.5","16.1","17.1","1"
"Thời trang","Trang phục nữ & Đồ lót","Đồ lót nữ","Quần bó","13.5","15","1.5","16.1","17.1","1"
"Thời trang","Trang phục nữ & Đồ lót","Đồ lót nữ","Bộ đồ lót","13.5","15","1.5","16.1","17.1","1"
"Tạp hoá","Sách, tạp chí & âm thanh","Sách dành cho trẻ em & trẻ sơ sinh","Sách hoạt động","12","13.5","1.5","14","15","1"
"Tạp hoá","Sách, tạp chí & âm thanh","Sách dành cho trẻ em & trẻ sơ sinh","Khoa học xã hội và nhân văn cho thiếu nhi","12","13.5","1.5","14","15","1"
"Tạp hoá","Sách, tạp chí & âm thanh","Sách dành cho trẻ em & trẻ sơ sinh","Văn học & nghệ thuật thiếu nhi","12","13.5","1.5","14","15","1"
"Tạp hoá","Sách, tạp chí & âm thanh","Sách dành cho trẻ em & trẻ sơ sinh","Khoa học và công nghệ cho thiếu nhi","12","13.5","1.5","14","15","1"
"Tạp hoá","Sách, tạp chí & âm thanh","Sách dành cho trẻ em & trẻ sơ sinh","Sách giáo dục sớm & sách mềm","12","13.5","1.5","14","15","1"
"Tạp hoá","Sách, tạp chí & âm thanh","Sách dành cho trẻ em & trẻ sơ sinh","Sách tranh","12","13.5","1.5","14","15","1"
"Tạp hoá","Sách, tạp chí & âm thanh","Kinh tế & Quản lý","Kinh doanh & Quản lý","12","13.5","1.5","14","15","1"
"Tạp hoá","Sách, tạp chí & âm thanh","Kinh tế & Quản lý","Kinh tế","12","13.5","1.5","14","15","1"
"Tạp hoá","Sách, tạp chí & âm thanh","Kinh tế & Quản lý","Tài chính & Đầu tư","12","13.5","1.5","14","15","1"
"Tạp hoá","Sách, tạp chí & âm thanh","Giáo dục & Trường học","Ngôn ngữ & Từ điển","12","13.5","1.5","14","15","1"
"Tạp hoá","Sách, tạp chí & âm thanh","Giáo dục & Trường học","Sách tư vấn","12","13.5","1.5","14","15","1"
"Tạp hoá","Sách, tạp chí & âm thanh","Giáo dục & Trường học","Sách giáo khoa","12","13.5","1.5","14","15","1"
"Tạp hoá","Sách, tạp chí & âm thanh","Khoa học xã hội và nhân văn","Sự nghiệp & Tự lực","12","13.5","1.5","14","15","1"
"Tạp hoá","Sách, tạp chí & âm thanh","Khoa học xã hội và nhân văn","Lịch sử & Văn hóa","12","13.5","1.5","14","15","1"
"Tạp hoá","Sách, tạp chí & âm thanh","Khoa học xã hội và nhân văn","Nuôi dạy con cái & Gia đình","12","13.5","1.5","14","15","1"
"Tạp hoá","Sách, tạp chí & âm thanh","Khoa học xã hội và nhân văn","Chính trị, Luật & Khoa học xã hội","12","13.5","1.5","14","15","1"
"Tạp hoá","Sách, tạp chí & âm thanh","Khoa học xã hội và nhân văn","Tâm lý học & Mối quan hệ","12","13.5","1.5","14","15","1"
"Tạp hoá","Sách, tạp chí & âm thanh","Khoa học xã hội và nhân văn","Tôn giáo & Triết học","12","13.5","1.5","14","15","1"
"Tạp hoá","Sách, tạp chí & âm thanh","Phong cách sống & Sở thích","Truyện tranh & Manga","12","13.5","1.5","14","15","1"
"Tạp hoá","Sách, tạp chí & âm thanh","Phong cách sống & Sở thích","Thủ công mỹ nghệ & Tự làm","12","13.5","1.5","14","15","1"
"Tạp hoá","Sách, tạp chí & âm thanh","Phong cách sống & Sở thích","Thời trang & Làm đẹp","12","13.5","1.5","14","15","1"
"Tạp hoá","Sách, tạp chí & âm thanh","Phong cách sống & Sở thích","Sức khỏe, Thể hình & Ăn kiêng","12","13.5","1.5","14","15","1"
"Tạp hoá","Sách, tạp chí & âm thanh","Phong cách sống & Sở thích","Tử vi","12","13.5","1.5","14","15","1"
"Tạp hoá","Sách, tạp chí & âm thanh","Phong cách sống & Sở thích","Giáo dục thai sản & tiền sản","12","13.5","1.5","14","15","1"
"Tạp hoá","Sách, tạp chí & âm thanh","Phong cách sống & Sở thích","Công thức & Nấu nướng","12","13.5","1.5","14","15","1"
"Tạp hoá","Sách, tạp chí & âm thanh","Phong cách sống & Sở thích","Thể thao & Thể hình","12","13.5","1.5","14","15","1"
"Tạp hoá","Sách, tạp chí & âm thanh","Phong cách sống & Sở thích","Du lịch & Bản đồ","12","14","2","14","16","2"
"Tạp hoá","Sách, tạp chí & âm thanh","Văn học & Nghệ thuật","Tiểu sử & Hồi ký","12","13.5","1.5","14","15","1"
"Tạp hoá","Sách, tạp chí & âm thanh","Văn học & Nghệ thuật","Phim điện ảnh & Truyền hình","12","13.5","1.5","14","15","1"
"Tạp hoá","Sách, tạp chí & âm thanh","Văn học & Nghệ thuật","Văn học","12","13.5","1.5","14","15","1"
"Tạp hoá","Sách, tạp chí & âm thanh","Văn học & Nghệ thuật","Âm nhạc","12","13.5","1.5","14","15","1"
"Tạp hoá","Sách, tạp chí & âm thanh","Văn học & Nghệ thuật","Viễn tưởng","12","13.5","1.5","14","15","1"
"Tạp hoá","Sách, tạp chí & âm thanh","Văn học & Nghệ thuật","Vẽ tranh & Thiết kế","12","13.5","1.5","14","15","1"
"Tạp hoá","Sách, tạp chí & âm thanh","Văn học & Nghệ thuật","Biểu diễn nghệ thuật","12","13.5","1.5","14","15","1"
"Tạp hoá","Sách, tạp chí & âm thanh","Văn học & Nghệ thuật","Nhiếp ảnh & Video","12","13.5","1.5","14","15","1"
"Tạp hoá","Sách, tạp chí & âm thanh","Tạp chí & Báo","Kinh doanh","12","13.5","1.5","14","15","1"
"Tạp hoá","Sách, tạp chí & âm thanh","Tạp chí & Báo","Thời trang","12","13.5","1.5","14","15","1"
"Tạp hoá","Sách, tạp chí & âm thanh","Tạp chí & Báo","Lối sống","12","13.5","1.5","14","15","1"
"Tạp hoá","Sách, tạp chí & âm thanh","Tạp chí & Báo","Thiếu niên","12","13.5","1.5","14","15","1"
"Tạp hoá","Sách, tạp chí & âm thanh","Khoa học & Công nghệ","Nông lâm ngư nghiệp","12","13.5","1.5","14","15","1"
"Tạp hoá","Sách, tạp chí & âm thanh","Khoa học & Công nghệ","Kiến trúc","12","13.5","1.5","14","15","1"
"Tạp hoá","Sách, tạp chí & âm thanh","Khoa học & Công nghệ","Máy tính & Mạng","12","13.5","1.5","14","15","1"
"Tạp hoá","Sách, tạp chí & âm thanh","Khoa học & Công nghệ","Công nghệ công nghiệp","12","13.5","1.5","14","15","1"
"Tạp hoá","Sách, tạp chí & âm thanh","Khoa học & Công nghệ","Y khoa","12","13.5","1.5","14","15","1"
"Tạp hoá","Sách, tạp chí & âm thanh","Khoa học & Công nghệ","Khoa học tự nhiên","12","13.5","1.5","14","15","1"
"Tạp hoá","Sách, tạp chí & âm thanh","Video & nhạc","Băng cassette","13","8.5","-4.5","14.7","13.5","-1.2"
"Tạp hoá","Sách, tạp chí & âm thanh","Video & nhạc","CD","13","8.5","-4.5","14.7","13.5","-1.2"
"Tạp hoá","Sách, tạp chí & âm thanh","Video & nhạc","Vinyl","13","8.5","-4.5","14.7","13.5","-1.2"
"Tạp hoá","Máy tính & Thiết bị Văn phòng","Văn phòng phẩm & Vật tư","Vật tư dùng cho công việc kế toán","10","14.5","4.5","15.7","16.7","1"
"Tạp hoá","Máy tính & Thiết bị Văn phòng","Văn phòng phẩm & Vật tư","Họa cụ","10","11.5","1.5","15.7","16.7","1"
"Tạp hoá","Máy tính & Thiết bị Văn phòng","Văn phòng phẩm & Vật tư","Vật tư dùng trong văn phòng","10","14.5","4.5","15.7","16.7","1"
"Tạp hoá","Máy tính & Thiết bị Văn phòng","Văn phòng phẩm & Vật tư","Lịch & Phụ kiện","10","11.5","1.5","15.7","16.7","1"
"Tạp hoá","Máy tính & Thiết bị Văn phòng","Văn phòng phẩm & Vật tư","Thẻ","10","12","2","15.7","17.7","2"
"Tạp hoá","Máy tính & Thiết bị Văn phòng","Văn phòng phẩm & Vật tư","Phụ kiện & Giá để đồ bàn học","10","11.5","1.5","15.7","16.7","1"
"Tạp hoá","Máy tính & Thiết bị Văn phòng","Văn phòng phẩm & Vật tư","Phong bì & Đồ bưu điện","10","12","2","15.7","17.7","2"
"Tạp hoá","Máy tính & Thiết bị Văn phòng","Văn phòng phẩm & Vật tư","Quà tặng & Giấy gói","9","10","1","13.5","14.5","1"
"Tạp hoá","Máy tính & Thiết bị Văn phòng","Văn phòng phẩm & Vật tư","Phù hiệu & Đồ đi kèm","10","12","2","15.7","17.7","2"
"Tạp hoá","Máy tính & Thiết bị Văn phòng","Văn phòng phẩm & Vật tư","Nhãn, Bìa phân trang & Tem","10","12","2","15.7","17.7","2"
"Tạp hoá","Máy tính & Thiết bị Văn phòng","Văn phòng phẩm & Vật tư","Sổ tay & Giấy","10","12","2","15.7","17.7","2"
"Tạp hoá","Máy tính & Thiết bị Văn phòng","Văn phòng phẩm & Vật tư","Dụng cụ cắt dùng trong văn phòng","10","12","2","15.7","17.7","2"
"Tạp hoá","Máy tính & Thiết bị Văn phòng","Văn phòng phẩm & Vật tư","Sản phẩm giữ tài liệu văn phòng","10","11.5","1.5","15.7","16.7","1"
"Tạp hoá","Máy tính & Thiết bị Văn phòng","Văn phòng phẩm & Vật tư","Dụng cụ đo dùng trong văn phòng","10","12","2","15.7","17.7","2"
"Tạp hoá","Máy tính & Thiết bị Văn phòng","Văn phòng phẩm & Vật tư","Dụng cụ thuyết trình dùng trong văn phòng","10","12","2","15.7","17.7","2"
"Tạp hoá","Máy tính & Thiết bị Văn phòng","Văn phòng phẩm & Vật tư","Đồ dùng học tập & giáo dục","10","11.5","1.5","15.7","16.7","1"
"Tạp hoá","Máy tính & Thiết bị Văn phòng","Văn phòng phẩm & Vật tư","Băng dán, keo dán & chốt buộc","10","12","2","15.7","17.7","2"
"Tạp hoá","Máy tính & Thiết bị Văn phòng","Văn phòng phẩm & Vật tư","Đồ để viết & sửa","10","11.5","1.5","15.7","16.7","1"
"Tạp hoá","Phụ kiện thời trang","Phục sức & phụ kiện","Móc khóa","13","14.5","1.5","14.7","16.7","2"
"Tạp hoá","Đồ ăn & Đồ uống","Nướng bánh","Bột làm bánh","13","13.5","0.5","16.1","16.1","0"
"Tạp hoá","Đồ ăn & Đồ uống","Nướng bánh","Hỗn hợp nướng bánh","13","13.5","0.5","14.7","16.1","1.4"
"Tạp hoá","Đồ ăn & Đồ uống","Nướng bánh","Bột nở & Baking soda","13","13.5","0.5","14.7","16.1","1.4"
"Tạp hoá","Đồ ăn & Đồ uống","Nướng bánh","Bánh mì vụn & nhân nhồi","13","12.5","-0.5","14.7","15.7","1"
"Tạp hoá","Đồ ăn & Đồ uống","Nướng bánh","Bơ & Bơ thực vật","13","12.5","-0.5","14.7","16.7","2"
"Tạp hoá","Đồ ăn & Đồ uống","Nướng bánh","Phô mai & Bột phô mai","13","12.5","-0.5","14.7","16.7","2"
"Tạp hoá","Đồ ăn & Đồ uống","Nướng bánh","Sữa đặc","13","11.5","-1.5","14.7","15","0.3"
"Tạp hoá","Đồ ăn & Đồ uống","Nướng bánh","Kem","13","12.5","-0.5","14.7","16.7","2"
"Tạp hoá","Đồ ăn & Đồ uống","Nướng bánh","Bột kem","13","12.5","-0.5","14.7","16.7","2"
"Tạp hoá","Đồ ăn & Đồ uống","Nướng bánh","Màu thực phẩm","13","13.5","0.5","14.7","16.1","1.4"
"Tạp hoá","Đồ ăn & Đồ uống","Nướng bánh","Cao & Hương vị thực phẩm","13","13.5","0.5","14.7","16.1","1.4"
"Tạp hoá","Đồ ăn & Đồ uống","Nướng bánh","Dụng cụ rắc đường, láng đường & trang trí bánh kem","13","13.5","0.5","14.7","16.1","1.4"
"Tạp hoá","Đồ ăn & Đồ uống","Nướng bánh","Kẹo xốp","13","12","-1","14.7","15.7","1"
"Tạp hoá","Đồ ăn & Đồ uống","Bia, Rượu & Rượu mạnh","Bia","13","13.5","0.5","16.1","16.1","0"
"Tạp hoá","Đồ ăn & Đồ uống","Bia, Rượu & Rượu mạnh","Rượu trái cây","13","13.5","0.5","16.1","16.1","0"
"Tạp hoá","Đồ ăn & Đồ uống","Bia, Rượu & Rượu mạnh","Rượu mạnh & rượu tráng miệng","13","13.5","0.5","16.1","16.1","0"
"Tạp hoá","Đồ ăn & Đồ uống","Bia, Rượu & Rượu mạnh","Rượu trái cây & rượu theo mùa","13","13.5","0.5","16.1","16.1","0"
"Tạp hoá","Đồ ăn & Đồ uống","Bia, Rượu & Rượu mạnh","Đồ uống pha sẵn & chuẩn bị sẵn","13","13.5","0.5","16.1","16.1","0"
"Tạp hoá","Đồ ăn & Đồ uống","Bia, Rượu & Rượu mạnh","Sake, Soju & Umeshu","13","13.5","0.5","16.1","16.1","0"
"Tạp hoá","Đồ ăn & Đồ uống","Bia, Rượu & Rượu mạnh","Vang sủi & Sâm panh","13","13.5","0.5","16.1","16.1","0"
"Tạp hoá","Đồ ăn & Đồ uống","Bia, Rượu & Rượu mạnh","Rượu mạnh","13","13.5","0.5","16.1","16.1","0"
"Tạp hoá","Đồ ăn & Đồ uống","Bia, Rượu & Rượu mạnh","Rượu","13","13.5","0.5","16.1","16.1","0"
"Tạp hoá","Đồ ăn & Đồ uống","Thực phẩm tươi & đông lạnh","Bánh mỳ","11","12.5","1.5","14.7","15.7","1"
"Tạp hoá","Đồ ăn & Đồ uống","Thực phẩm tươi & đông lạnh","Bánh ngọt và bánh nướng","11","11.5","0.5","14.7","14.7","0"
"Tạp hoá","Đồ ăn & Đồ uống","Thực phẩm tươi & đông lạnh","Deli","11","11.5","0.5","14.7","14.7","0"
"Tạp hoá","Đồ ăn & Đồ uống","Thực phẩm tươi & đông lạnh","Trứng","10","8.5","-1.5","13.7","12.7","-1"
"Tạp hoá","Đồ ăn & Đồ uống","Thực phẩm tươi & đông lạnh","Thực phẩm đông lạnh","11","11.5","0.5","14.7","14.7","0"
"Tạp hoá","Đồ ăn & Đồ uống","Thực phẩm tươi & đông lạnh","Hoa quả","10","12","2","13.7","15.7","2"
"Tạp hoá","Đồ ăn & Đồ uống","Thực phẩm tươi & đông lạnh","Kem","11","12.5","1.5","14.7","16.7","2"
"Tạp hoá","Đồ ăn & Đồ uống","Thực phẩm tươi & đông lạnh","Bộ dụng cụ ăn uống","11","11.5","0.5","14.7","14.7","0"
"Tạp hoá","Đồ ăn & Đồ uống","Thực phẩm tươi & đông lạnh","Thịt","10","8.5","-1.5","13.7","11.7","-2"
"Tạp hoá","Đồ ăn & Đồ uống","Thực phẩm tươi & đông lạnh","Nấm","11","11.5","0.5","14.7","14.7","0"
"Tạp hoá","Đồ ăn & Đồ uống","Thực phẩm tươi & đông lạnh","Pasta & nước xốt","11","10.5","-0.5","14.7","13.7","-1"
"Tạp hoá","Đồ ăn & Đồ uống","Thực phẩm tươi & đông lạnh","Bánh ngọt","11","12.5","1.5","14.7","15.7","1"
"Tạp hoá","Đồ ăn & Đồ uống","Thực phẩm tươi & đông lạnh","Pizza & focaccia","11","12","1","14.7","15.7","1"
"Tạp hoá","Đồ ăn & Đồ uống","Thực phẩm tươi & đông lạnh","Món ăn chế biến sẵn","11","12.5","1.5","14.7","15.7","1"
"Tạp hoá","Đồ ăn & Đồ uống","Thực phẩm tươi & đông lạnh","Thịt & Hải sản đã chế biến","10","11.5","1.5","13.7","14.7","1"
"Tạp hoá","Đồ ăn & Đồ uống","Thực phẩm tươi & đông lạnh","Sandwich & món cuốn","11","12","1","14.7","15.7","1"
"Tạp hoá","Đồ ăn & Đồ uống","Thực phẩm tươi & đông lạnh","Hải sản","11","11.5","0.5","14.7","14.7","0"
"Tạp hoá","Đồ ăn & Đồ uống","Thực phẩm tươi & đông lạnh","Súp & hầm","11","11.5","0.5","14.7","14.7","0"
"Tạp hoá","Đồ ăn & Đồ uống","Thực phẩm tươi & đông lạnh","Đậu hũ","11","10.5","-0.5","14.7","14.7","0"
"Tạp hoá","Đồ ăn & Đồ uống","Thực phẩm tươi & đông lạnh","Rau","10","8.5","-1.5","13.7","11.7","-2"
"Tạp hoá","Đồ ăn & Đồ uống","Thực phẩm tươi & đông lạnh","Thực phẩm thay thế thịt","10","11.5","1.5","13.7","14.7","1"
"Tạp hoá","Đồ ăn & Đồ uống","Sữa và bơ sữa","Sữa tươi","11.5","11.5","0","15.7","15","-0.7"
"Tạp hoá","Đồ ăn & Đồ uống","Sữa và bơ sữa","Sữa thực vật","11.5","12.5","1","15.7","15.7","0"
"Tạp hoá","Đồ ăn & Đồ uống","Sữa và bơ sữa","Sữa bột","11.5","11","-0.5","15.7","14","-1.7"
"Tạp hoá","Đồ ăn & Đồ uống","Sữa và bơ sữa","Sữa UHT","11.5","11","-0.5","15.7","14","-1.7"
"Tạp hoá","Đồ ăn & Đồ uống","Sữa và bơ sữa","Sữa chua & sản phẩm làm từ sữa lên men","11","10.5","-0.5","15.7","14.7","-1"
"Tạp hoá","Đồ ăn & Đồ uống","Thực phẩm ăn liền","Yến sào","11","12.5","1.5","14.7","15.7","1"
"Tạp hoá","Đồ ăn & Đồ uống","Thực phẩm ăn liền","Ngũ cốc ăn sáng, Ngũ cốc & Yến mạch","11","12.5","1.5","14.7","15.7","1"
"Tạp hoá","Đồ ăn & Đồ uống","Thực phẩm ăn liền","Thực phẩm đóng hộp, lọ & đóng gói","10","8.5","-1.5","13.7","11.7","-2"
"Tạp hoá","Đồ ăn & Đồ uống","Thực phẩm ăn liền","Lẩu ăn liền","11","12.5","1.5","14.7","15.7","1"
"Tạp hoá","Đồ ăn & Đồ uống","Thực phẩm ăn liền","Mì gói","10","8.5","-1.5","13.7","11.7","-2"
"Tạp hoá","Đồ ăn & Đồ uống","Thực phẩm ăn liền","Cơm & Cháo ăn liền","10","13","3","13.7","16.7","3"
"Tạp hoá","Đồ ăn & Đồ uống","Thực phẩm ăn liền","Rau muối chua, dưa chua & Chutney","11","11","0","14.7","14.7","0"
"Tạp hoá","Đồ ăn & Đồ uống","Đồ ăn vặt","Thanh bánh","11","12.5","1.5","14.7","15.7","1"
"Tạp hoá","Đồ ăn & Đồ uống","Đồ ăn vặt","Bánh quy, Bánh cookies & Bánh xốp","11","11.5","0.5","14.7","14.7","0"
"Tạp hoá","Đồ ăn & Đồ uống","Đồ ăn vặt","Kẹo","11","11.5","0.5","14.7","14.7","0"
"Tạp hoá","Đồ ăn & Đồ uống","Đồ ăn vặt","Kẹo cao su nhai & Kẹo cao su thổi","11","11.5","0.5","14.7","14.7","0"
"Tạp hoá","Đồ ăn & Đồ uống","Đồ ăn vặt","Sô-cô-la & đồ ăn nhẹ có sô-cô-la","11","11.5","0.5","14.7","14.7","0"
"Tạp hoá","Đồ ăn & Đồ uống","Đồ ăn vặt","Khoai tây giòn & thức ăn nhanh có nhân","11","11.5","0.5","14.7","14.7","0"
"Tạp hoá","Đồ ăn & Đồ uống","Đồ ăn vặt","Bánh pudding sữa trứng & thạch","11","12","1","14.7","15.7","1"
"Tạp hoá","Đồ ăn & Đồ uống","Đồ ăn vặt","Đồ ăn nhẹ khô","11","11.5","0.5","14.7","14.7","0"
"Tạp hoá","Đồ ăn & Đồ uống","Đồ ăn vặt","Bộ quà tặng","11","12","1","14.7","14.5","-0.2"
"Tạp hoá","Đồ ăn & Đồ uống","Đồ ăn vặt","Quả hạch & đậu","11","11.5","0.5","14.7","14.7","0"
"Tạp hoá","Đồ ăn & Đồ uống","Đồ ăn vặt","Đồ ăn nhẹ gluten & gốc thực vật","11","11.5","0.5","14.7","14.7","0"
"Tạp hoá","Đồ ăn & Đồ uống","Đồ ăn vặt","Bắp rang bơ","11","12","1","14.7","15.7","1"
"Tạp hoá","Đồ ăn & Đồ uống","Đồ ăn vặt","Rong biển","11","11.5","0.5","14.7","14.7","0"
"Tạp hoá","Đồ ăn & Đồ uống","Đồ ăn vặt","Hạt","11","11.5","0.5","14.7","14.7","0"
"Tạp hoá","Đồ ăn & Đồ uống","Đồ ăn vặt","Bánh ăn vặt và bánh bột nhào","11","12.5","1.5","14.7","15.7","1"
"Tạp hoá","Đồ ăn & Đồ uống","Kẹp & Đồ dùng nấu ăn cần thiết","Đậu & Ngũ cốc","11","8.5","-2.5","14.7","11.7","-3"
"Tạp hoá","Đồ ăn & Đồ uống","Kẹp & Đồ dùng nấu ăn cần thiết","Nước hầm xương, Nước thịt & Súp ăn liền","11","11.5","0.5","14.7","14.7","0"
"Tạp hoá","Đồ ăn & Đồ uống","Kẹp & Đồ dùng nấu ăn cần thiết","Tương & hỗn hợp gia vị nấu ăn","11","11.5","0.5","14.7","14.7","0"
"Tạp hoá","Đồ ăn & Đồ uống","Kẹp & Đồ dùng nấu ăn cần thiết","Xốt nấu ăn","11","11.5","0.5","14.7","14.7","0"
"Tạp hoá","Đồ ăn & Đồ uống","Kẹp & Đồ dùng nấu ăn cần thiết","Rượu nấu ăn","11","8.5","-2.5","14.7","11.7","-3"
"Tạp hoá","Đồ ăn & Đồ uống","Kẹp & Đồ dùng nấu ăn cần thiết","Mứt, nước xốt & chất phết lên bánh","11","12.5","1.5","14.7","15.7","1"
"Tạp hoá","Đồ ăn & Đồ uống","Kẹp & Đồ dùng nấu ăn cần thiết","Thực phẩm khô","11","8.5","-2.5","14.7","11.7","-3"
"Tạp hoá","Đồ ăn & Đồ uống","Kẹp & Đồ dùng nấu ăn cần thiết","Chất điều vị","11","12","1","14.7","15.7","1"
"Tạp hoá","Đồ ăn & Đồ uống","Kẹp & Đồ dùng nấu ăn cần thiết","Bột mì","11","12","1","14.7","15","0.3"
"Tạp hoá","Đồ ăn & Đồ uống","Kẹp & Đồ dùng nấu ăn cần thiết","Thảo mộc, Gia vị & Hạt nêm","10","8.5","-1.5","13.7","11.7","-2"
"Tạp hoá","Đồ ăn & Đồ uống","Kẹp & Đồ dùng nấu ăn cần thiết","Si-rô mật ong & phong","11","12.5","1.5","14.7","15.7","1"
"Tạp hoá","Đồ ăn & Đồ uống","Kẹp & Đồ dùng nấu ăn cần thiết","Dầu","10","8.5","-1.5","13.7","11.7","-2"
"Tạp hoá","Đồ ăn & Đồ uống","Kẹp & Đồ dùng nấu ăn cần thiết","Pasta, mì & bún","10","8.5","-1.5","13.7","11.7","-2"
"Tạp hoá","Đồ ăn & Đồ uống","Kẹp & Đồ dùng nấu ăn cần thiết","Cơm","10","9","-1","13.7","12.7","-1"
"Tạp hoá","Đồ ăn & Đồ uống","Kẹp & Đồ dùng nấu ăn cần thiết","Muối","10","9","-1","13.7","12.7","-1"
"Tạp hoá","Đồ ăn & Đồ uống","Kẹp & Đồ dùng nấu ăn cần thiết","Đường & Chất tạo ngọt","10","8.5","-1.5","13.7","11.7","-2"
"Tạp hoá","Đồ ăn & Đồ uống","Kẹp & Đồ dùng nấu ăn cần thiết","Giấm","10","8.5","-1.5","13.7","11.7","-2"
"Tạp hoá","Đồ gia dụng","Đồ gia dụng","Đồ vệ sinh nhà cửa","10.5","9","-1.5","14.7","12.7","-2"
"Tạp hoá","Đồ gia dụng","Đồ gia dụng","Cuộn giấy & khăn lau nhà bếp","11.5","9.5","-2","15.7","11.5","-4.2"
"Tạp hoá","Đồ gia dụng","Đồ gia dụng","Khăn giấy & khăn ăn & khăn lau","11.5","9","-2.5","13.5","10.5","-3"
"Tạp hoá","Đồ gia dụng","Đồ gia dụng","Giấy vệ sinh & giấy lau","10.5","9.5","-1","14","13","-1"
"Tạp hoá","Đã qua sử dụng","Sách","Sách hiếm & sưu tầm","12","13.5","1.5","14","15","1"
"Tạp hoá","Sản phẩm trực tuyến","Viễn thông","Dữ liệu di động","11","11.5","0.5","12.6","12.6","0"
"Tạp hoá","Sản phẩm trực tuyến","Viễn thông","Nạp tiền di động","11","11.5","0.5","12.6","12.6","0"
"Sức khoẻ, Làm đẹp & Chăm sóc cá nhân","Sức khỏe","Thuốc & Phương pháp điều trị thay thế","Châm cứu","12.5","15.5","3","16.1","18.8","2.7"
"Sức khoẻ, Làm đẹp & Chăm sóc cá nhân","Sức khỏe","Thuốc & Phương pháp điều trị thay thế","Liệu pháp thay thế","12.5","15.5","3","16.1","18.8","2.7"
"Sức khoẻ, Làm đẹp & Chăm sóc cá nhân","Sức khỏe","Thuốc & Phương pháp điều trị thay thế","Tinh dầu trị liệu bằng hương thơm","12.5","14.5","2","16.1","17.1","1"
"Sức khoẻ, Làm đẹp & Chăm sóc cá nhân","Sức khỏe","Thuốc & Phương pháp điều trị thay thế","Thảo dược","12.5","14","1.5","16.1","17.1","1"
"Sức khoẻ, Làm đẹp & Chăm sóc cá nhân","Sức khỏe","Vật tư y tế","Cân trong nhà tắm","12.5","14","1.5","16.1","17.1","1"
"Sức khoẻ, Làm đẹp & Chăm sóc cá nhân","Sức khỏe","Vật tư y tế","Niềng răng & Hỗ trợ","12.5","14","1.5","16.1","17.1","1"
"Sức khoẻ, Làm đẹp & Chăm sóc cá nhân","Sức khỏe","Vật tư y tế","Chất diệt khuẩn","12.5","15","2.5","16.1","18.8","2.7"
"Sức khoẻ, Làm đẹp & Chăm sóc cá nhân","Sức khỏe","Vật tư y tế","Electric Stimulators","12.5","15","2.5","16.1","16","-0.1"
"Sức khoẻ, Làm đẹp & Chăm sóc cá nhân","Sức khỏe","Vật tư y tế","Que thử kế hoạch hóa gia đình","12.5","14","1.5","16.1","17.1","1"
"Sức khoẻ, Làm đẹp & Chăm sóc cá nhân","Sức khỏe","Vật tư y tế","Kiểm tra & Theo dõi Sức khỏe","12.5","14","1.5","16.1","17.1","1"
"Sức khoẻ, Làm đẹp & Chăm sóc cá nhân","Sức khỏe","Vật tư y tế","Trợ thính","12.5","14","1.5","16.1","17.1","1"
"Sức khoẻ, Làm đẹp & Chăm sóc cá nhân","Sức khỏe","Vật tư y tế","Dụng cụ phòng thí nghiệm","12.5","14","1.5","16.1","17.1","1"
"Sức khoẻ, Làm đẹp & Chăm sóc cá nhân","Sức khỏe","Vật tư y tế","Khẩu trang y tế","12.5","14","1.5","16.1","17.1","1"
"Sức khoẻ, Làm đẹp & Chăm sóc cá nhân","Sức khỏe","Vật tư y tế","Thuốc hỗ trợ","12.5","14","1.5","16.1","17.1","1"
"Sức khoẻ, Làm đẹp & Chăm sóc cá nhân","Sức khỏe","Vật tư y tế","Mặt nạ bảo hộ PPE","12.5","14","1.5","16.1","17.1","1"
"Sức khoẻ, Làm đẹp & Chăm sóc cá nhân","Sức khỏe","Vật tư y tế","Thiết bị & phụ kiện hỗ trợ hô hấp","12.5","14","1.5","16.1","17.1","1"
"Sức khoẻ, Làm đẹp & Chăm sóc cá nhân","Sức khỏe","Vật tư y tế","Ngủ & ngáy","12.5","14","1.5","16.1","17.1","1"
"Sức khoẻ, Làm đẹp & Chăm sóc cá nhân","Sức khỏe","Vật tư y tế","Cai thuốc lá","12.5","14","1.5","16.1","17.1","1"
"Sức khoẻ, Làm đẹp & Chăm sóc cá nhân","Sức khỏe","Vật tư y tế","Nhiệt kế","12.5","14","1.5","16.1","17.1","1"
"Sức khoẻ, Làm đẹp & Chăm sóc cá nhân","Sức khỏe","Vật tư y tế","Gậy chống","12.5","14","1.5","16.1","17.1","1"
"Sức khoẻ, Làm đẹp & Chăm sóc cá nhân","Sức khỏe","Vật tư y tế","Xe lăn","12.5","14","1.5","16.1","17.1","1"
"Sức khoẻ, Làm đẹp & Chăm sóc cá nhân","Sức khỏe","Thực phẩm bổ sung","Thực phẩm chăm sóc sắc đẹp","14","15.5","1.5","16.1","17","0.9"
"Sức khoẻ, Làm đẹp & Chăm sóc cá nhân","Sức khỏe","Thực phẩm bổ sung","Thực phẩm bổ sung thể hình","14","15.5","1.5","16.1","17","0.9"
"Sức khoẻ, Làm đẹp & Chăm sóc cá nhân","Sức khỏe","Thực phẩm bổ sung","Thực phẩm bổ sung sức khỏe","14","15.5","1.5","16.1","17","0.9"
"Sức khoẻ, Làm đẹp & Chăm sóc cá nhân","Sức khỏe","Thực phẩm bổ sung","Quản lý cân nặng","14","15.5","1.5","16.1","17","0.9"
"Sức khoẻ, Làm đẹp & Chăm sóc cá nhân","Sức khỏe","Thuốc & Điều trị không kê đơn","Dị ứng, Xoang & Hen suyễn","12.5","14","1.5","16.1","17.1","1"
"Sức khoẻ, Làm đẹp & Chăm sóc cá nhân","Sức khỏe","Thuốc & Điều trị không kê đơn","Thuốc chống nấm","12.5","14","1.5","16.1","17.1","1"
"Sức khoẻ, Làm đẹp & Chăm sóc cá nhân","Sức khỏe","Thuốc & Điều trị không kê đơn","Y học Trẻ nhỏ & Trẻ em","12.5","14","1.5","16.1","17.1","1"
"Sức khoẻ, Làm đẹp & Chăm sóc cá nhân","Sức khỏe","Thuốc & Điều trị không kê đơn","Ho & Cảm lạnh","12.5","14","1.5","16.1","17.1","1"
"Sức khoẻ, Làm đẹp & Chăm sóc cá nhân","Sức khỏe","Thuốc & Điều trị không kê đơn","Vết cắt & vết thương","12.5","14","1.5","16.1","17.1","1"
"Sức khoẻ, Làm đẹp & Chăm sóc cá nhân","Sức khỏe","Thuốc & Điều trị không kê đơn","Tiêu hóa & Buồn nôn","12.5","14","1.5","16.1","17.1","1"
"Sức khoẻ, Làm đẹp & Chăm sóc cá nhân","Sức khỏe","Thuốc & Điều trị không kê đơn","Chăm sóc Bệnh chàm, Bệnh vẩy nến và bệnh Rosacea","12.5","14","1.5","16.1","17.1","1"
"Sức khoẻ, Làm đẹp & Chăm sóc cá nhân","Sức khỏe","Thuốc & Điều trị không kê đơn","Giảm đau","12.5","14","1.5","16.1","17.1","1"
"Sức khoẻ, Làm đẹp & Chăm sóc cá nhân","Sức khỏe","Thuốc & Điều trị không kê đơn","Vết sẹo & vết rạn da","12.5","14","1.5","16.1","17.1","1"
"Sức khoẻ, Làm đẹp & Chăm sóc cá nhân","Sức khỏe","Sức khỏe tình dục","Bao cao su","14","15.5","1.5","17.8","18.8","1"
"Sức khoẻ, Làm đẹp & Chăm sóc cá nhân","Sức khỏe","Sức khỏe tình dục","Chất bôi trơn","14","15.5","1.5","17.8","18.8","1"
"Sức khoẻ, Làm đẹp & Chăm sóc cá nhân","Sức khỏe","Sức khỏe tình dục","Chất tăng cường hiệu suất","14","15.5","1.5","17.8","18.8","1"
"Nhà cửa & Đời sống","Ô tô & xe máy","Bộ phận thay thế cho ô tô","Pin & phụ kiện","13","14.5","1.5","15.7","16.7","1"
"Nhà cửa & Đời sống","Ô tô & xe máy","Bộ phận thay thế cho ô tô","Vòng bi & vòng đệm","13","14.5","1.5","15.7","16.7","1"
"Nhà cửa & Đời sống","Ô tô & xe máy","Bộ phận thay thế cho ô tô","Đai, ống mềm & puli","13","14.5","1.5","15.7","16.7","1"
"Nhà cửa & Đời sống","Ô tô & xe máy","Bộ phận thay thế cho ô tô","Thân, khung & cản trước","13","14.5","1.5","15.7","16.7","1"
"Nhà cửa & Đời sống","Ô tô & xe máy","Bộ phận thay thế cho ô tô","Hệ thống phanh","13","14.5","1.5","15.7","16.7","1"
"Nhà cửa & Đời sống","Ô tô & xe máy","Bộ phận thay thế cho ô tô","Hệ thống truyền động, hộp số & khớp ly hợp","13","14.5","1.5","15.7","16.7","1"
"Nhà cửa & Đời sống","Ô tô & xe máy","Bộ phận thay thế cho ô tô","Bộ phận động cơ","13","14.5","1.5","15.7","16.7","1"
"Nhà cửa & Đời sống","Ô tô & xe máy","Bộ phận thay thế cho ô tô","Khói & khí thải","13","14.5","1.5","15.7","16.7","1"
"Nhà cửa & Đời sống","Ô tô & xe máy","Bộ phận thay thế cho ô tô","Hệ thống nhiên liệu","13","14.5","1.5","15.7","16.7","1"
"Nhà cửa & Đời sống","Ô tô & xe máy","Bộ phận thay thế cho ô tô","Đánh lửa","13","14.5","1.5","15.7","16.7","1"
"Nhà cửa & Đời sống","Ô tô & xe máy","Bộ phận thay thế cho ô tô","Bộ tản nhiệt, làm mát động cơ & điều hòa","13","14.5","1.5","15.7","16.7","1"
"Nhà cửa & Đời sống","Ô tô & xe máy","Bộ phận thay thế cho ô tô","Chống va đập, thanh giằng và nhíp xe","13","14.5","1.5","15.7","16.7","1"
"Nhà cửa & Đời sống","Ô tô & xe máy","Bộ phận thay thế cho ô tô","Lốp & phụ kiện","13","14.5","1.5","15.7","16.7","1"
"Nhà cửa & Đời sống","Ô tô & xe máy","Bộ phận thay thế cho ô tô","Bánh xe, vành bánh xe & phụ kiện","13","14.5","1.5","15.7","16.7","1"
"Nhà cửa & Đời sống","Ô tô & xe máy","Bộ phận thay thế cho ô tô","Cần gạt nước & rửa kính","13","14.5","1.5","15.7","16.7","1"
"Nhà cửa & Đời sống","Ô tô & xe máy","Thiết bị điện tử trên ô tô","Hệ thống báo động & An ninh","13","14.5","1.5","15.7","16.7","1"
"Nhà cửa & Đời sống","Ô tô & xe máy","Thiết bị điện tử trên ô tô","Âm thanh trên ô tô","13","14.5","1.5","15.7","16.7","1"
"Nhà cửa & Đời sống","Ô tô & xe máy","Thiết bị điện tử trên ô tô","Camera hành trình","13","14.5","1.5","15.7","16.7","1"
"Nhà cửa & Đời sống","Ô tô & xe máy","Thiết bị điện tử trên ô tô","Thiết bị điện trên ô tô","13","14.5","1.5","15.7","16.7","1"
"Nhà cửa & Đời sống","Ô tô & xe máy","Thiết bị điện tử trên ô tô","Trình phát video trên ô tô","13","14.5","1.5","15.7","16.7","1"
"Nhà cửa & Đời sống","Ô tô & xe máy","Thiết bị điện tử trên ô tô","Phụ kiện điện tử","13","14.5","1.5","15.7","16.7","1"
"Nhà cửa & Đời sống","Ô tô & xe máy","Thiết bị điện tử trên ô tô","Bộ phát FM & Bluetooth","13","14.5","1.5","15.7","16.7","1"
"Nhà cửa & Đời sống","Ô tô & xe máy","Thiết bị điện tử trên ô tô","GPS & Phụ kiện","13","14.5","1.5","15.7","16.7","1"
"Nhà cửa & Đời sống","Ô tô & xe máy","Thiết bị điện tử trên ô tô","Hệ thống thông minh","13","14.5","1.5","15.7","16.7","1"
"Nhà cửa & Đời sống","Ô tô & xe máy","Thiết bị điện tử trên ô tô","Bộ sạc USB","13","14.5","1.5","15.7","16.7","1"
"Nhà cửa & Đời sống","Ô tô & xe máy","Thiết bị điện tử trên ô tô","Video giám sát","13","14.5","1.5","15.7","16.7","1"
"Nhà cửa & Đời sống","Ô tô & xe máy","Phụ kiện bên ngoài ô tô","Đồ trang trí đầu ăng-ten","13","14.5","1.5","15.7","16.7","1"
"Nhà cửa & Đời sống","Ô tô & xe máy","Phụ kiện bên ngoài ô tô","Mái che & tấm che cho ô tô","13","14.5","1.5","15.7","16.7","1"
"Nhà cửa & Đời sống","Ô tô & xe máy","Phụ kiện bên ngoài ô tô","Kệ","13","14.5","1.5","15.7","16.7","1"
"Nhà cửa & Đời sống","Ô tô & xe máy","Phụ kiện bên ngoài ô tô","Dán xe","13","14.5","1.5","15.7","16.7","1"
"Nhà cửa & Đời sống","Ô tô & xe máy","Phụ kiện bên ngoài ô tô","Cái kẹp biên lai thuế đường trên xe","13","14.5","1.5","15.7","16.7","1"
"Nhà cửa & Đời sống","Ô tô & xe máy","Phụ kiện bên ngoài ô tô","Viền crôm & phụ kiện","13","14.5","1.5","15.7","16.7","1"
"Nhà cửa & Đời sống","Ô tô & xe máy","Phụ kiện bên ngoài ô tô","Đồ trang trí","13","14.5","1.5","15.7","16.7","1"
"Nhà cửa & Đời sống","Ô tô & xe máy","Phụ kiện bên ngoài ô tô","Kèn & phụ kiện","13","14.5","1.5","15.7","16.7","1"
"Nhà cửa & Đời sống","Ô tô & xe máy","Phụ kiện bên ngoài ô tô","Tấm chắn bùn & chắn nước bắn","13","14.5","1.5","15.7","16.7","1"
"Nhà cửa & Đời sống","Ô tô & xe máy","Phụ kiện bên ngoài ô tô","Biển số","13","14.5","1.5","15.7","16.7","1"
"Nhà cửa & Đời sống","Ô tô & xe máy","Phụ kiện bên ngoài ô tô","Dải phản quang","13","14.5","1.5","15.7","16.7","1"
"Nhà cửa & Đời sống","Ô tô & xe máy","Phụ kiện bên ngoài ô tô","Bộ dụng cụ gấp gương bên","13","14.5","1.5","15.7","16.7","1"
"Nhà cửa & Đời sống","Ô tô & xe máy","Phụ kiện bên ngoài ô tô","Tấm chắn gió & che nắng cửa xe","13","14.5","1.5","15.7","16.7","1"
"Nhà cửa & Đời sống","Ô tô & xe máy","Phụ kiện bên ngoài ô tô","Tấm che nắng","13","14.5","1.5","15.7","16.7","1"
"Nhà cửa & Đời sống","Ô tô & xe máy","Phụ kiện bên ngoài ô tô","Phim cửa sổ & Che nắng","13","14.5","1.5","15.7","16.7","1"
"Nhà cửa & Đời sống","Ô tô & xe máy","Phụ kiện bên ngoài ô tô","Kính chống chói","13","14.5","1.5","15.7","16.7","1"
"Nhà cửa & Đời sống","Ô tô & xe máy","Phụ kiện bên trong ô tô","Thảm chống trượt","13","14.5","1.5","15.7","16.7","1"
"Nhà cửa & Đời sống","Ô tô & xe máy","Phụ kiện bên trong ô tô","Nước hoa ô tô","13","14.5","1.5","15.7","16.7","1"
"Nhà cửa & Đời sống","Ô tô & xe máy","Phụ kiện bên trong ô tô","Hộp đựng chìa khóa ô tô","13","14.5","1.5","15.7","16.7","1"
"Nhà cửa & Đời sống","Ô tô & xe máy","Phụ kiện bên trong ô tô","Thảm ô tô","13","14.5","1.5","15.7","16.7","1"
"Nhà cửa & Đời sống","Ô tô & xe máy","Phụ kiện bên trong ô tô","Đồ trang trí","13","14.5","1.5","15.7","16.7","1"
"Nhà cửa & Đời sống","Ô tô & xe máy","Phụ kiện bên trong ô tô","Dụng cụ thoát hiểm","13","14.5","1.5","15.7","16.7","1"
"Nhà cửa & Đời sống","Ô tô & xe máy","Phụ kiện bên trong ô tô","Chốt & Kẹp","13","14.5","1.5","15.7","16.7","1"
"Nhà cửa & Đời sống","Ô tô & xe máy","Phụ kiện bên trong ô tô","Cấu kiện bên trong","13","14.5","1.5","15.7","16.7","1"
"Nhà cửa & Đời sống","Ô tô & xe máy","Phụ kiện bên trong ô tô","Dán bên trong ô tô","13","14.5","1.5","15.7","16.7","1"
"Nhà cửa & Đời sống","Ô tô & xe máy","Phụ kiện bên trong ô tô","Khung đỡ & Giá đỡ","13","14.5","1.5","15.7","16.7","1"
"Nhà cửa & Đời sống","Ô tô & xe máy","Phụ kiện bên trong ô tô","Gối cổ","13","14.5","1.5","15.7","16.7","1"
"Nhà cửa & Đời sống","Ô tô & xe máy","Phụ kiện bên trong ô tô","Bàn đạp & cần số","13","14.5","1.5","15.7","16.7","1"
"Nhà cửa & Đời sống","Ô tô & xe máy","Phụ kiện bên trong ô tô","Giá đỡ & Phụ kiện phía sau","13","14.5","1.5","15.7","16.7","1"
"Nhà cửa & Đời sống","Ô tô & xe máy","Phụ kiện bên trong ô tô","Đệm ngồi","13","14.5","1.5","15.7","16.7","1"
"Nhà cửa & Đời sống","Ô tô & xe máy","Phụ kiện bên trong ô tô","Khóa & thiết bị an ninh vô lăng","13","14.5","1.5","15.7","16.7","1"
"Nhà cửa & Đời sống","Ô tô & xe máy","Phụ kiện bên trong ô tô","Bọc vô lăng","13","14.5","1.5","15.7","16.7","1"
"Nhà cửa & Đời sống","Ô tô & xe máy","Phụ kiện bên trong ô tô","Hộc đựng đồ","13","14.5","1.5","15.7","16.7","1"
"Nhà cửa & Đời sống","Ô tô & xe máy","Đèn xe","Khung gầm","13","14.5","1.5","15.7","16.7","1"
"Nhà cửa & Đời sống","Ô tô & xe máy","Đèn xe","Vỏ bọc","13","14.5","1.5","15.7","16.7","1"
"Nhà cửa & Đời sống","Ô tô & xe máy","Đèn xe","Đèn trang trí","13","14.5","1.5","15.7","16.7","1"
"Nhà cửa & Đời sống","Ô tô & xe máy","Đèn xe","Đèn sương mù","13","14.5","1.5","15.7","16.7","1"
"Nhà cửa & Đời sống","Ô tô & xe máy","Đèn xe","Đèn pha ô tô (Halogen)","13","14.5","1.5","15.7","16.7","1"
"Nhà cửa & Đời sống","Ô tô & xe máy","Đèn xe","Đèn pha ô tô (LED)","13","14.5","1.5","15.7","16.7","1"
"Nhà cửa & Đời sống","Ô tô & xe máy","Đèn xe","Đèn pha ô tô (Xenon)","13","14.5","1.5","15.7","16.7","1"
"Nhà cửa & Đời sống","Ô tô & xe máy","Đèn xe","Đèn báo","13","14.5","1.5","15.7","16.7","1"
"Nhà cửa & Đời sống","Ô tô & xe máy","Đèn xe","Đèn Light Bar & Đèn làm việc","13","14.5","1.5","15.7","16.7","1"
"Nhà cửa & Đời sống","Ô tô & xe máy","Đèn xe","Dây điện","13","14.5","1.5","15.7","16.7","1"
"Nhà cửa & Đời sống","Ô tô & xe máy","Dụng cụ sửa chữa ô tô","Dụng cụ tháo lắp","13","14.5","1.5","15.7","16.7","1"
"Nhà cửa & Đời sống","Ô tô & xe máy","Dụng cụ sửa chữa ô tô","Dụng cụ sửa chữa ắc quy ô tô","13","14.5","1.5","15.7","16.7","1"
"Nhà cửa & Đời sống","Ô tô & xe máy","Dụng cụ sửa chữa ô tô","Dụng cụ sửa chữa thân xe","13","14.5","1.5","15.7","16.7","1"
"Nhà cửa & Đời sống","Ô tô & xe máy","Dụng cụ sửa chữa ô tô","Công cụ kiểm tra ô tô","13","14.5","1.5","15.7","16.7","1"
"Nhà cửa & Đời sống","Ô tô & xe máy","Dụng cụ sửa chữa ô tô","Trình đọc & Trình quét mã","13","14.5","1.5","15.7","16.7","1"
"Nhà cửa & Đời sống","Ô tô & xe máy","Dụng cụ sửa chữa ô tô","Công cụ chẩn đoán","13","14.5","1.5","15.7","16.7","1"
"Nhà cửa & Đời sống","Ô tô & xe máy","Dụng cụ sửa chữa ô tô","Công cụ sửa chữa động cơ & Hộp số","13","14.5","1.5","15.7","16.7","1"
"Nhà cửa & Đời sống","Ô tô & xe máy","Dụng cụ sửa chữa ô tô","Công cụ kim loại tấm","13","14.5","1.5","15.7","16.7","1"
"Nhà cửa & Đời sống","Ô tô & xe máy","Dụng cụ sửa chữa ô tô","Công cụ sửa chữa & Lắp lốp","13","14.5","1.5","15.7","16.7","1"
"Nhà cửa & Đời sống","Ô tô & xe máy","Rửa & Bảo dưỡng ô tô","Phụ kiện rửa xe","13","14.5","1.5","15.7","16.7","1"
"Nhà cửa & Đời sống","Ô tô & xe máy","Rửa & Bảo dưỡng ô tô","Máy rửa xe","13","14.5","1.5","15.7","16.7","1"
"Nhà cửa & Đời sống","Ô tô & xe máy","Rửa & Bảo dưỡng ô tô","Dung dịch vệ sinh & bảo dưỡng","13","14.5","1.5","15.7","16.7","1"
"Nhà cửa & Đời sống","Ô tô & xe máy","Rửa & Bảo dưỡng ô tô","Bảo dưỡng động cơ","13","14.5","1.5","15.7","16.7","1"
"Nhà cửa & Đời sống","Ô tô & xe máy","Rửa & Bảo dưỡng ô tô","Bảo dưỡng nội thất","13","14.5","1.5","15.7","16.7","1"
"Nhà cửa & Đời sống","Ô tô & xe máy","Rửa & Bảo dưỡng ô tô","Dầu","13","13.5","0.5","15.7","15.7","0"
"Nhà cửa & Đời sống","Ô tô & xe máy","Rửa & Bảo dưỡng ô tô","Sơn & Dụng cụ sửa chữa cửa sổ","13","14.5","1.5","15.7","16.7","1"
"Nhà cửa & Đời sống","Ô tô & xe máy","Rửa & Bảo dưỡng ô tô","Bảo dưỡng sơn","13","14.5","1.5","15.7","16.7","1"
"Nhà cửa & Đời sống","Ô tô & xe máy","Rửa & Bảo dưỡng ô tô","Máy đánh bóng & Phụ kiện","13","14.5","1.5","15.7","16.7","1"
"Nhà cửa & Đời sống","Ô tô & xe máy","Rửa & Bảo dưỡng ô tô","Súng phun nước & Bình phun bọt tuyết","13","14.5","1.5","15.7","16.7","1"
"Nhà cửa & Đời sống","Ô tô & xe máy","Rửa & Bảo dưỡng ô tô","Sửa chữa cửa sổ","13","14.5","1.5","15.7","16.7","1"
"Nhà cửa & Đời sống","Ô tô & xe máy","Phụ kiện xe máy","Hộp & thùng","13","14.5","1.5","15.7","16.7","1"
"Nhà cửa & Đời sống","Ô tô & xe máy","Phụ kiện xe máy","Thảm","13","14.5","1.5","15.7","16.7","1"
"Nhà cửa & Đời sống","Ô tô & xe máy","Phụ kiện xe máy","Tay lái & tay nắm","13","14.5","1.5","15.7","16.7","1"
"Nhà cửa & Đời sống","Ô tô & xe máy","Phụ kiện xe máy","Mũ bảo hiểm","13","14.5","1.5","15.7","16.7","1"
"Nhà cửa & Đời sống","Ô tô & xe máy","Phụ kiện xe máy","Áo khoác & áo mưa","13","14.5","1.5","15.7","16.7","1"
"Nhà cửa & Đời sống","Ô tô & xe máy","Phụ kiện xe máy","Khóa & an ninh","13","14.5","1.5","15.7","16.7","1"
"Nhà cửa & Đời sống","Ô tô & xe máy","Phụ kiện xe máy","Phụ kiện xe máy","13","14.5","1.5","15.7","16.7","1"
"Nhà cửa & Đời sống","Ô tô & xe máy","Phụ kiện xe máy","Trang phục và mũ trùm đầu đi xe máy","13","14.5","1.5","15.7","16.7","1"
"Nhà cửa & Đời sống","Ô tô & xe máy","Phụ kiện xe máy","Nhãn dán & phim cho xe máy","13","14.5","1.5","15.7","16.7","1"
"Nhà cửa & Đời sống","Ô tô & xe máy","Phụ kiện xe máy","Đồ bảo hộ","13","14.5","1.5","15.7","16.7","1"
"Nhà cửa & Đời sống","Ô tô & xe máy","Phụ kiện xe máy","Ghế & áo ghế","13","14.5","1.5","15.7","16.7","1"
"Nhà cửa & Đời sống","Ô tô & xe máy","Linh kiện mô tô","Pin & phụ kiện","13","14.5","1.5","15.7","16.7","1"
"Nhà cửa & Đời sống","Ô tô & xe máy","Linh kiện mô tô","Hệ thống phanh","13","14.5","1.5","15.7","16.7","1"
"Nhà cửa & Đời sống","Ô tô & xe máy","Linh kiện mô tô","Cáp & ống","13","14.5","1.5","15.7","16.7","1"
"Nhà cửa & Đời sống","Ô tô & xe máy","Linh kiện mô tô","Hệ thống truyền động, hộp số & khớp ly hợp","13","14.5","1.5","15.7","16.7","1"
"Nhà cửa & Đời sống","Ô tô & xe máy","Linh kiện mô tô","Khói & khí thải","13","14.5","1.5","15.7","16.7","1"
"Nhà cửa & Đời sống","Ô tô & xe máy","Linh kiện mô tô","Khung & Phụ kiện","13","14.5","1.5","15.7","16.7","1"
"Nhà cửa & Đời sống","Ô tô & xe máy","Linh kiện mô tô","Kèn & phụ kiện","13","14.5","1.5","15.7","16.7","1"
"Nhà cửa & Đời sống","Ô tô & xe máy","Linh kiện mô tô","Đèn","13","14.5","1.5","15.7","16.7","1"
"Nhà cửa & Đời sống","Ô tô & xe máy","Linh kiện mô tô","Gương & phụ kiện","13","14.5","1.5","15.7","16.7","1"
"Nhà cửa & Đời sống","Ô tô & xe máy","Linh kiện mô tô","Chất chống đông và chất bôi trơn cho xe máy","13","14.5","1.5","15.7","16.7","1"
"Nhà cửa & Đời sống","Ô tô & xe máy","Linh kiện mô tô","Bộ lọc cho xe máy","13","14.5","1.5","15.7","16.7","1"
"Nhà cửa & Đời sống","Ô tô & xe máy","Linh kiện mô tô","Dầu xe máy","13","14.5","1.5","15.7","16.7","1"
"Nhà cửa & Đời sống","Ô tô & xe máy","Linh kiện mô tô","Chống va đập, thanh giằng và nhíp xe","13","14.5","1.5","15.7","16.7","1"
"Nhà cửa & Đời sống","Ô tô & xe máy","Linh kiện mô tô","Bu-gi","13","14.5","1.5","15.7","16.7","1"
"Nhà cửa & Đời sống","Ô tô & xe máy","Linh kiện mô tô","Lốp & phụ kiện","13","14.5","1.5","15.7","16.7","1"
"Nhà cửa & Đời sống","Ô tô & xe máy","Linh kiện mô tô","Bánh xe, vành bánh xe & phụ kiện","13","14.5","1.5","15.7","16.7","1"
"Nhà cửa & Đời sống","Ô tô & xe máy","Xe máy","Xe máy hộp số tự động","1.5","1.5","0","1.5","1.5","0"
"Nhà cửa & Đời sống","Ô tô & xe máy","Xe máy","Xe máy điện","1.5","1.5","0","1.5","1.5","0"
"Nhà cửa & Đời sống","Ô tô & xe máy","Xe máy","Xe máy hộp số chủ động","1.5","1.5","0","1.5","1.5","0"
"Nhà cửa & Đời sống","Ô tô & xe máy","Xe Quads, Xe lưu động & Thuyền","Phụ tùng & Phụ kiện thuyền","13","14.5","1.5","15.7","16.7","1"
"Nhà cửa & Đời sống","Ô tô & xe máy","Xe Quads, Xe lưu động & Thuyền","Phụ tùng xe điện","13","14.5","1.5","15.7","16.7","1"
"Nhà cửa & Đời sống","Ô tô & xe máy","Xe Quads, Xe lưu động & Thuyền","Phụ tùng xe tải","13","14.5","1.5","15.7","16.7","1"
"Nhà cửa & Đời sống","Ô tô & xe máy","Xe Quads, Xe lưu động & Thuyền","Bộ phận & Phụ kiện xe lưu động","13","14.5","1.5","15.7","16.7","1"
"Nhà cửa & Đời sống","Ô tô & xe máy","Xe Quads, Xe lưu động & Thuyền","Phụ tùng & Phụ kiện xe đạp Quad","13","14.5","1.5","15.7","16.7","1"
"Nhà cửa & Đời sống","Ô tô & xe máy","Xe Quads, Xe lưu động & Thuyền","Phụ tùng xe cứu hộ","13","14.5","1.5","15.7","16.7","1"
"Nhà cửa & Đời sống","Ô tô & xe máy","Xe Quads, Xe lưu động & Thuyền","Phụ tùng xe trượt tuyết","13","14.5","1.5","15.7","16.7","1"
"Nhà cửa & Đời sống","Ô tô & xe máy","Xe Quads, Xe lưu động & Thuyền","Vận chuyển & Bảo quản","13","14.5","1.5","15.7","16.7","1"
"Nhà cửa & Đời sống","Ô tô & xe máy","Xe Quads, Xe lưu động & Thuyền","Bộ phận & phụ kiện tàu thủy","13","14.5","1.5","15.7","16.7","1"
"Nhà cửa & Đời sống","Chăm sóc sắc đẹp & Chăm sóc cá nhân","Đồ tắm & Chăm sóc cơ thể","Phụ kiện nhà tắm","14","14.5","0.5","17.8","17.1","-0.7"
"Nhà cửa & Đời sống","Chăm sóc sắc đẹp & Chăm sóc cá nhân","Thiết bị chăm sóc cá nhân","Ghế mát-xa","13.5","9.5","-4","15","15.7","0.7"
"Nhà cửa & Đời sống","Bộ sưu tập","Tiền & tiền xu sưu tầm","Tiền giấy","13","14.5","1.5","14.7","15.7","1"
"Nhà cửa & Đời sống","Bộ sưu tập","Tiền & tiền xu sưu tầm","Tiền xu & vàng thỏi","13","14.5","1.5","14.7","15.7","1"
"Nhà cửa & Đời sống","Bộ sưu tập","Bộ sưu tập văn hóa đương đại","Tranh phương Tây","13","14.5","1.5","14.7","15.7","1"
"Nhà cửa & Đời sống","Bộ sưu tập","Bộ sưu tập văn hóa đương đại","Thư pháp Trung Quốc","13","15","2","14.7","16.7","2"
"Nhà cửa & Đời sống","Bộ sưu tập","Bộ sưu tập văn hóa đương đại","Lư hương & nhang","13","15","2","14.7","16.7","2"
"Nhà cửa & Đời sống","Bộ sưu tập","Bộ sưu tập văn hóa đương đại","Kiến diêu","13","14.5","1.5","14.7","15.7","1"
"Nhà cửa & Đời sống","Bộ sưu tập","Bộ sưu tập văn hóa đương đại","Tranh Trung Quốc","13","14.5","1.5","14.7","15.7","1"
"Nhà cửa & Đời sống","Bộ sưu tập","Bộ sưu tập văn hóa đương đại","Đồ gốm màu đỏ","13","14.5","1.5","14.7","15.7","1"
"Nhà cửa & Đời sống","Bộ sưu tập","Bộ sưu tập văn hóa đương đại","Đồ gốm","13","14.5","1.5","14.7","15.7","1"
"Nhà cửa & Đời sống","Bộ sưu tập","Bộ sưu tập văn hóa đương đại","Đá quý & điêu khắc đá","13","14.5","1.5","14.7","15.7","1"
"Nhà cửa & Đời sống","Bộ sưu tập","Bộ sưu tập văn hóa đương đại","Khắc dấu","13","15","2","14.7","16.7","2"
"Nhà cửa & Đời sống","Bộ sưu tập","Giải trí","Hộp mù","13","14.5","1.5","14.7","15.7","1"
"Nhà cửa & Đời sống","Bộ sưu tập","Giải trí","Bản ghi CD, DVD & Vinyl","13","14.5","1.5","14.7","15.7","1"
"Nhà cửa & Đời sống","Bộ sưu tập","Giải trí","Tượng nhỏ & tượng","13","14.5","1.5","14.7","15.7","1"
"Nhà cửa & Đời sống","Bộ sưu tập","Giải trí","Ô tô mô hình & Đồ chơi Diecast","13","14.5","1.5","14.7","15.7","1"
"Nhà cửa & Đời sống","Bộ sưu tập","Giải trí","Thẻ ảnh","14","16","2","14.7","17.7","3"
"Nhà cửa & Đời sống","Bộ sưu tập","Giải trí","Đĩa","14","15.5","1.5","14.7","16.7","2"
"Nhà cửa & Đời sống","Bộ sưu tập","Giải trí","Thú nhồi bông","13","14.5","1.5","14.7","15.7","1"
"Nhà cửa & Đời sống","Bộ sưu tập","Giải trí","Tem bưu chính","10","10","0","14.7","14.7","0"
"Nhà cửa & Đời sống","Bộ sưu tập","Giải trí","Ảnh in & Áp phích","13","15","2","14.7","16.7","2"
"Nhà cửa & Đời sống","Bộ sưu tập","Bộ sưu tập thể thao","Bóng","13","14.5","1.5","14.7","15.7","1"
"Nhà cửa & Đời sống","Bộ sưu tập","Bộ sưu tập thể thao","Sách","13","14.5","1.5","14.7","15.7","1"
"Nhà cửa & Đời sống","Bộ sưu tập","Bộ sưu tập thể thao","Tượng nhỏ","13","14.5","1.5","14.7","15.7","1"
"Nhà cửa & Đời sống","Bộ sưu tập","Bộ sưu tập thể thao","Cờ & Biểu ngữ","13","14.5","1.5","14.7","15.7","1"
"Nhà cửa & Đời sống","Bộ sưu tập","Bộ sưu tập thể thao","Găng tay","13","14.5","1.5","14.7","15.7","1"
"Nhà cửa & Đời sống","Bộ sưu tập","Bộ sưu tập thể thao","Câu lạc bộ golf","13","15","2","14.7","16.7","2"
"Nhà cửa & Đời sống","Bộ sưu tập","Bộ sưu tập thể thao","Mũ","13","14.5","1.5","14.7","15.7","1"
"Nhà cửa & Đời sống","Bộ sưu tập","Bộ sưu tập thể thao","Áo thể thao","13","14.5","1.5","14.7","15.7","1"
"Nhà cửa & Đời sống","Bộ sưu tập","Bộ sưu tập thể thao","Ảnh chụp","13","15","2","14.7","16.7","2"
"Nhà cửa & Đời sống","Bộ sưu tập","Bộ sưu tập thể thao","Ảnh in & Áp phích","13","15","2","14.7","16.7","2"
"Nhà cửa & Đời sống","Bộ sưu tập","Bộ sưu tập thể thao","Tạp chí","13","14.5","1.5","14.7","15.7","1"
"Nhà cửa & Đời sống","Bộ sưu tập","Bộ sưu tập thể thao","Giày","13","14.5","1.5","14.7","15.7","1"
"Nhà cửa & Đời sống","Bộ sưu tập","Bộ sưu tập thể thao","Cúp","13","14.5","1.5","14.7","15.7","1"
"Nhà cửa & Đời sống","Bộ sưu tập","Khung giường & đầu giường","Thẻ bài phi thể thao","13","14.5","1.5","14.7","15.7","1"
"Nhà cửa & Đời sống","Bộ sưu tập","Khung giường & đầu giường","Thẻ bài thể thao","13","14.5","1.5","14.7","15.7","1"
"Nhà cửa & Đời sống","Bộ sưu tập","Khung giường & đầu giường","Phụ kiện thẻ bài","13","15","2","14.7","16.7","2"
"Nhà cửa & Đời sống","Máy tính & Thiết bị Văn phòng","Văn phòng phẩm & Vật tư","Két sắt","10","11.5","1.5","11.5","12.5","1"
"Nhà cửa & Đời sống","Đồ nội thất","Nội thất trẻ em","Giường","13","12.7","-0.3","14","13","-1"
"Nhà cửa & Đời sống","Đồ nội thất","Nội thất trẻ em","Bàn đầu giường","13","12.7","-0.3","15.7","13","-2.7"
"Nhà cửa & Đời sống","Đồ nội thất","Nội thất trẻ em","Tủ","13","13.2","0.2","15.7","14","-1.7"
"Nhà cửa & Đời sống","Đồ nội thất","Nội thất trẻ em","Ghế tựa","13","13.2","0.2","14","14","0"
"Nhà cửa & Đời sống","Đồ nội thất","Nội thất trẻ em","Bộ nội thất","13","13.2","0.2","14","14","0"
"Nhà cửa & Đời sống","Đồ nội thất","Nội thất trẻ em","Đệm","13","13.2","0.2","11.5","14","2.5"
"Nhà cửa & Đời sống","Đồ nội thất","Nội thất trẻ em","Kệ & Giá đỡ","13","12.7","-0.3","15.7","13","-2.7"
"Nhà cửa & Đời sống","Đồ nội thất","Nội thất trẻ em","Sofa","13","13.2","0.2","15.7","14","-1.7"
"Nhà cửa & Đời sống","Đồ nội thất","Nội thất trẻ em","Ghế đẩu & Ghế dài","13","12.7","-0.3","14","13","-1"
"Nhà cửa & Đời sống","Đồ nội thất","Nội thất trẻ em","Bàn & Bàn làm việc","13","13.2","0.2","14","14","0"
"Nhà cửa & Đời sống","Đồ nội thất","Nội thất trẻ em","Tủ quần áo","13","12.7","-0.3","14","13","-1"
"Nhà cửa & Đời sống","Đồ nội thất","Nội thất thương mại","Nội thất khách sạn","13","13.2","0.2","14","14","0"
"Nhà cửa & Đời sống","Đồ nội thất","Nội thất thương mại","Nội thất văn phòng","13","13.2","0.2","14","14","0"
"Nhà cửa & Đời sống","Đồ nội thất","Nội thất thương mại","Nội thất nhà hàng","13","12.7","-0.3","14","13","-1"
"Nhà cửa & Đời sống","Đồ nội thất","Nội thất thương mại","Nội thất salon","13","12.7","-0.3","14","13","-1"
"Nhà cửa & Đời sống","Đồ nội thất","Nội thất thương mại","Nội thất trường học","13","13.2","0.2","14","14","0"
"Nhà cửa & Đời sống","Đồ nội thất","Nội thất trong nhà","Thẻ bài & phụ kiện","13","12.7","-0.3","14","13","-1"
"Nhà cửa & Đời sống","Đồ nội thất","Nội thất trong nhà","Giường","13","13.2","0.2","14","14","0"
"Nhà cửa & Đời sống","Đồ nội thất","Nội thất trong nhà","Ghế tựa","13","12.7","-0.3","14","13","-1"
"Nhà cửa & Đời sống","Đồ nội thất","Nội thất trong nhà","Cây treo đồ","13","12.7","-0.3","14","13","-1"
"Nhà cửa & Đời sống","Đồ nội thất","Nội thất trong nhà","Tủ","13","13.2","0.2","14","14","0"
"Nhà cửa & Đời sống","Đồ nội thất","Nội thất trong nhà","Bàn ghế chơi game","13","12.7","-0.3","14","13","-1"
"Nhà cửa & Đời sống","Đồ nội thất","Nội thất trong nhà","Bộ nội thất trong nhà","13","12.7","-0.3","14","13","-1"
"Nhà cửa & Đời sống","Đồ nội thất","Nội thất trong nhà","Bàn trang điểm","13","13.2","0.2","14","14","0"
"Nhà cửa & Đời sống","Đồ nội thất","Nội thất trong nhà","Đệm","13","13.2","0.2","11.5","14","2.5"
"Nhà cửa & Đời sống","Đồ nội thất","Nội thất trong nhà","Vách ngăn phòng","13","12.7","-0.3","14","13","-1"
"Nhà cửa & Đời sống","Đồ nội thất","Nội thất trong nhà","Kệ & Giá đỡ","13","12.7","-0.3","14","13","-1"
"Nhà cửa & Đời sống","Đồ nội thất","Nội thất trong nhà","Sofa","13","13.2","0.2","14","14","0"
"Nhà cửa & Đời sống","Đồ nội thất","Nội thất trong nhà","Ghế đẩu & ghế dài","13","12.7","-0.3","14","13","-1"
"Nhà cửa & Đời sống","Đồ nội thất","Nội thất trong nhà","Bàn & Bàn làm việc","13","12.7","-0.3","14","13","-1"
"Nhà cửa & Đời sống","Đồ nội thất","Nội thất trong nhà","Giá đỡ TV & Bàn đầu giường","13","12.7","-0.3","14","13","-1"
"Nhà cửa & Đời sống","Đồ nội thất","Nội thất trong nhà","Tủ quần áo","13","12.7","-0.3","14","13","-1"
"Nhà cửa & Đời sống","Đồ nội thất","Nội thất ngoài trời","Ghế tựa ngoài trời","13","13.2","0.2","14","14","0"
"Nhà cửa & Đời sống","Đồ nội thất","Nội thất ngoài trời","Bộ nội thất ngoài trời","13","12.7","-0.3","14","13","-1"
"Nhà cửa & Đời sống","Đồ nội thất","Nội thất ngoài trời","Kệ ngoài trời","13","12.7","-0.3","14","13","-1"
"Nhà cửa & Đời sống","Đồ nội thất","Nội thất ngoài trời","Sofa ngoài trời","13","12.7","-0.3","14","13","-1"
"Nhà cửa & Đời sống","Đồ nội thất","Nội thất ngoài trời","Bàn ngoài trời","13","12.7","-0.3","14","13","-1"
"Nhà cửa & Đời sống","Đồ nội thất","Nội thất ngoài trời","Xích đu ở sân trong","13","13.2","0.2","14","14","0"
"Nhà cửa & Đời sống","Đồ nội thất","Nội thất ngoài trời","Ô ở sân trong","13","12.7","-0.3","14","13","-1"
"Nhà cửa & Đời sống","Đồ nội thất","Nội thất ngoài trời","Ghế đẩu & Ghế dài","13","12.7","-0.3","14","13","-1"
"Nhà cửa & Đời sống","Sửa chữa nhà cửa","Đồ đạc nhà tắm","Phụ kiện đồ đạc nhà tắm","13","14.5","1.5","16.1","17.1","1"
"Nhà cửa & Đời sống","Sửa chữa nhà cửa","Đồ đạc nhà tắm","Bộ đồ đạc nhà tắm","13","14.5","1.5","16.1","17.1","1"
"Nhà cửa & Đời sống","Sửa chữa nhà cửa","Đồ đạc nhà tắm","Gương nhà tắm","13","15","2","16.1","18.1","2"
"Nhà cửa & Đời sống","Sửa chữa nhà cửa","Đồ đạc nhà tắm","Thanh vịn & Ghế an toàn trong phòng tắm","11","12.5","1.5","13.5","14.5","1"
"Nhà cửa & Đời sống","Sửa chữa nhà cửa","Đồ đạc nhà tắm","Bồn rửa nhà tắm","11","13","2","16.1","16","-0.1"
"Nhà cửa & Đời sống","Sửa chữa nhà cửa","Đồ đạc nhà tắm","Vòi nước nhà tắm","13","12.5","-0.5","16.1","15","-1.1"
"Nhà cửa & Đời sống","Sửa chữa nhà cửa","Đồ đạc nhà tắm","Bồn tắm","11","12.5","1.5","13.5","14.5","1"
"Nhà cửa & Đời sống","Sửa chữa nhà cửa","Đồ đạc nhà tắm","Vòi xịt & các bộ phận vòi xịt","13","14.5","1.5","16.1","17.1","1"
"Nhà cửa & Đời sống","Sửa chữa nhà cửa","Đồ đạc nhà tắm","Móc & Thanh","13","14.5","1.5","16.1","17.1","1"
"Nhà cửa & Đời sống","Sửa chữa nhà cửa","Đồ đạc nhà tắm","Thiết bị tắm","13","14.5","1.5","16.1","17.1","1"
"Nhà cửa & Đời sống","Sửa chữa nhà cửa","Đồ đạc nhà tắm","Toilet & các bộ phận toilet","11","12.5","1.5","13.5","14.5","1"
"Nhà cửa & Đời sống","Sửa chữa nhà cửa","Vật tư xây dựng","Cửa ra vào, Cổng & Cửa sổ","11","12.5","1.5","14","15","1"
"Nhà cửa & Đời sống","Sửa chữa nhà cửa","Vật tư xây dựng","Sưởi ấm, Làm mát & Thông gió","11","9","-2","14","9.3","-4.7"
"Nhà cửa & Đời sống","Sửa chữa nhà cửa","Vật tư xây dựng","Thang","11","12.5","1.5","14","15","1"
"Nhà cửa & Đời sống","Sửa chữa nhà cửa","Vật tư xây dựng","Vật tư & dụng cụ sơn","11","12.5","1.5","14","15","1"
"Nhà cửa & Đời sống","Sửa chữa nhà cửa","Vật tư xây dựng","Mái & Sàn","11","12.5","1.5","14","15","1"
"Nhà cửa & Đời sống","Sửa chữa nhà cửa","Vật tư xây dựng","Xe đẩy","11","12.5","1.5","14","15","1"
"Nhà cửa & Đời sống","Sửa chữa nhà cửa","Vật tư xây dựng","Sơn tường","11","12.5","1.5","14","15","1"
"Nhà cửa & Đời sống","Sửa chữa nhà cửa","Vật tư xây dựng","Giấy dán & đồ trang trí tường","11","14.5","3.5","14","17.1","3.1"
"Nhà cửa & Đời sống","Sửa chữa nhà cửa","Vật tư xây dựng","Dụng cụ dán giấy dán tường","11","14.5","3.5","14","17.1","3.1"
"Nhà cửa & Đời sống","Sửa chữa nhà cửa","Đồ dùng & thiết bị điện","Đầu nối & Thiết bị đầu cuối","13","10.5","-2.5","14.7","14.7","0"
"Nhà cửa & Đời sống","Sửa chữa nhà cửa","Đồ dùng & thiết bị điện","Ổ cắm & Phụ kiện điện","10","10.5","0.5","14.7","14.7","0"
"Nhà cửa & Đời sống","Sửa chữa nhà cửa","Đồ dùng & thiết bị điện","Động cơ, máy phát điện & phụ kiện","13","10.5","-2.5","14.7","14.7","0"
"Nhà cửa & Đời sống","Sửa chữa nhà cửa","Đồ dùng & thiết bị điện","Thiết bị tiết kiệm điện","10","11","1","14.7","15.7","1"
"Nhà cửa & Đời sống","Sửa chữa nhà cửa","Đồ dùng & thiết bị điện","Bộ nguồn","10","10.5","0.5","14.7","14.7","0"
"Nhà cửa & Đời sống","Sửa chữa nhà cửa","Đồ dùng & thiết bị điện","Rơ le & Cầu dao","10","10.5","0.5","14.7","14.7","0"
"Nhà cửa & Đời sống","Sửa chữa nhà cửa","Đồ dùng & thiết bị điện","Công tắc & Phụ kiện","10","10.5","0.5","14.7","14.7","0"
"Nhà cửa & Đời sống","Sửa chữa nhà cửa","Đồ dùng & thiết bị điện","Bộ biến áp","13","10.5","-2.5","14.7","14.7","0"
"Nhà cửa & Đời sống","Sửa chữa nhà cửa","Đồ dùng & thiết bị điện","Dây & Cáp","13","10.5","-2.5","14.7","14.7","0"
"Nhà cửa & Đời sống","Sửa chữa nhà cửa","Vật dụng làm vườn","Vật dụng nuôi ong","11","12.5","1.5","13.5","14.5","1"
"Nhà cửa & Đời sống","Sửa chữa nhà cửa","Vật dụng làm vườn","Hạt giống cây trồng & hoa","11","12.5","1.5","13.5","14.5","1"
"Nhà cửa & Đời sống","Sửa chữa nhà cửa","Vật dụng làm vườn","Hoa tươi","11","12.5","1.5","13.5","14.5","1"
"Nhà cửa & Đời sống","Sửa chữa nhà cửa","Vật dụng làm vườn","Nhà vườn","11","12.5","1.5","13.5","14.5","1"
"Nhà cửa & Đời sống","Sửa chữa nhà cửa","Vật dụng làm vườn","Trang trí sân vườn","11","12.5","1.5","13.5","14.5","1"
"Nhà cửa & Đời sống","Sửa chữa nhà cửa","Vật dụng làm vườn","Bình & Chậu trong vườn","11","13","2","13.5","15.5","2"
"Nhà cửa & Đời sống","Sửa chữa nhà cửa","Vật dụng làm vườn","Đất trồng và Phân bón","11","12.5","1.5","13.5","14.5","1"
"Nhà cửa & Đời sống","Sửa chữa nhà cửa","Vật dụng làm vườn","Nhà kính & khay ươm hạt giống","11","12.5","1.5","13.5","14.5","1"
"Nhà cửa & Đời sống","Sửa chữa nhà cửa","Vật dụng làm vườn","Cây cảnh","11","12.5","1.5","13.5","14.5","1"
"Nhà cửa & Đời sống","Sửa chữa nhà cửa","Vật dụng làm vườn","Máy sưởi hiên & bếp sưởi","11","13","2","13.5","15.5","2"
"Nhà cửa & Đời sống","Sửa chữa nhà cửa","Vật dụng làm vườn","Kiểm soát sâu bệnh","11","12.5","1.5","13.5","14.5","1"
"Nhà cửa & Đời sống","Sửa chữa nhà cửa","Vật dụng làm vườn","Giàn & công cụ chăm sóc cây trồng","11","12.5","1.5","13.5","14.5","1"
"Nhà cửa & Đời sống","Sửa chữa nhà cửa","Vật dụng làm vườn","Hồ bơi, bể tắm nước nóng & vật tư","11","12.5","1.5","13.5","14.5","1"
"Nhà cửa & Đời sống","Sửa chữa nhà cửa","Vật dụng làm vườn","Vườn giường","11","12.5","1.5","13.5","14.5","1"
"Nhà cửa & Đời sống","Sửa chữa nhà cửa","Vật dụng làm vườn","Tưới nước & Tưới tiêu","11","12.5","1.5","13.5","14.5","1"
"Nhà cửa & Đời sống","Sửa chữa nhà cửa","Đồ đạc nhà bếp","Tủ bếp","13","14.5","1.5","13.5","17.1","3.6"
"Nhà cửa & Đời sống","Sửa chữa nhà cửa","Đồ đạc nhà bếp","Phụ kiện đồ đạc nhà bếp","13","14.5","1.5","16.1","17.1","1"
"Nhà cửa & Đời sống","Sửa chữa nhà cửa","Đồ đạc nhà bếp","Bộ đồ đạc nhà bếp","13","14.5","1.5","16.1","17.1","1"
"Nhà cửa & Đời sống","Sửa chữa nhà cửa","Đồ đạc nhà bếp","Bồn rửa nhà bếp","11","13","2","14","16","2"
"Nhà cửa & Đời sống","Sửa chữa nhà cửa","Đồ đạc nhà bếp","Vòi nước nhà bếp","13","12.5","-0.5","16.1","15","-1.1"
"Nhà cửa & Đời sống","Sửa chữa nhà cửa","Đồ đạc nhà bếp","Thiết bị lọc nước","13","14.5","1.5","16.1","17.1","1"
"Nhà cửa & Đời sống","Sửa chữa nhà cửa","Đèn & hệ thống chiếu sáng","Bóng đèn, đèn tuýp & dải đèn","11","12.5","1.5","14","15","1"
"Nhà cửa & Đời sống","Sửa chữa nhà cửa","Đèn & hệ thống chiếu sáng","Đèn thương mại","11","12.5","1.5","14","15","1"
"Nhà cửa & Đời sống","Sửa chữa nhà cửa","Đèn & hệ thống chiếu sáng","Đèn trong nhà","11","12.5","1.5","14","15","1"
"Nhà cửa & Đời sống","Sửa chữa nhà cửa","Đèn & hệ thống chiếu sáng","Phụ kiện đèn","11","12.5","1.5","14","15","1"
"Nhà cửa & Đời sống","Sửa chữa nhà cửa","Đèn & hệ thống chiếu sáng","Đèn trang trí","11","12.5","1.5","14","15","1"
"Nhà cửa & Đời sống","Sửa chữa nhà cửa","Đèn & hệ thống chiếu sáng","Đèn ngoài trời","11","12.5","1.5","14","15","1"
"Nhà cửa & Đời sống","Sửa chữa nhà cửa","Đèn & hệ thống chiếu sáng","Đèn di động","11","12.5","1.5","14","15","1"
"Nhà cửa & Đời sống","Sửa chữa nhà cửa","Đèn & hệ thống chiếu sáng","Đèn chuyên nghiệp","11","12.5","1.5","14","15","1"
"Nhà cửa & Đời sống","Sửa chữa nhà cửa","An ninh & An toàn","Chuông cửa & Hệ thống liên lạc nội bộ","10","10.5","0.5","14.7","14.7","0"
"Nhà cửa & Đời sống","Sửa chữa nhà cửa","An ninh & An toàn","Bộ dụng cụ khẩn cấp","13","14.5","1.5","14","15","1"
"Nhà cửa & Đời sống","Sửa chữa nhà cửa","An ninh & An toàn","Báo động an ninh","13","14.5","1.5","14","15","1"
"Nhà cửa & Đời sống","Sửa chữa nhà cửa","An ninh & An toàn","Thiết bị an toàn lao động","13","14.5","1.5","14","15","1"
"Nhà cửa & Đời sống","Sửa chữa nhà cửa","Hệ thống nhà thông minh","Hệ thống điều khiển rèm cửa tự động","11","10.5","-0.5","16.1","14.7","-1.4"
"Nhà cửa & Đời sống","Sửa chữa nhà cửa","Hệ thống nhà thông minh","Điều khiển nhà thông minh","13","10.5","-2.5","15.7","14.7","-1"
"Nhà cửa & Đời sống","Sửa chữa nhà cửa","Hệ thống nhà thông minh","Cảm biến chuyển động thông minh","13","10.5","-2.5","15.7","14.7","-1"
"Nhà cửa & Đời sống","Sửa chữa nhà cửa","Hệ thống nhà thông minh","Hệ thống điều khiển nhiệt độ","13","10.5","-2.5","15.7","14.7","-1"
"Nhà cửa & Đời sống","Sửa chữa nhà cửa","Năng lượng mặt trời & gió","Bộ điều khiển & phụ kiện sạc","11","10.5","-0.5","14","14.7","0.7"
"Nhà cửa & Đời sống","Sửa chữa nhà cửa","Năng lượng mặt trời & gió","Bộ biến tần điện","11","10.5","-0.5","14","14.7","0.7"
"Nhà cửa & Đời sống","Sửa chữa nhà cửa","Năng lượng mặt trời & gió","Pin mặt trời","11","12.5","1.5","14","15","1"
"Nhà cửa & Đời sống","Sửa chữa nhà cửa","Năng lượng mặt trời & gió","Hệ thống năng lượng mặt trời","11","10.5","-0.5","14","14.7","0.7"
"Nhà cửa & Đời sống","Sửa chữa nhà cửa","Năng lượng mặt trời & gió","Tua bin gió","11","10.5","-0.5","14","14.7","0.7"
"Nhà cửa & Đời sống","Đồ gia dụng","Đồ dùng phòng tắm","Thảm phòng tắm","13","14.5","1.5","16.1","17.1","1"
"Nhà cửa & Đời sống","Đồ gia dụng","Đồ dùng phòng tắm","Đồ trong phòng tắm","13","14.5","1.5","16.1","17.1","1"
"Nhà cửa & Đời sống","Đồ gia dụng","Đồ dùng phòng tắm","Bộ phòng tắm","13","14.5","1.5","16.1","17.1","1"
"Nhà cửa & Đời sống","Đồ gia dụng","Đồ dùng phòng tắm","Cốc để nhà tắm","13","14.5","1.5","16.1","17.1","1"
"Nhà cửa & Đời sống","Đồ gia dụng","Đồ dùng phòng tắm","Mũ tắm","13","14.5","1.5","16.1","17.1","1"
"Nhà cửa & Đời sống","Đồ gia dụng","Đồ dùng phòng tắm","Rèm & Thanh treo rèm tắm","13","14.5","1.5","16.1","17.1","1"
"Nhà cửa & Đời sống","Đồ gia dụng","Đồ dùng phòng tắm","Khay đựng xà phòng","13","14.5","1.5","16.1","17.1","1"
"Nhà cửa & Đời sống","Đồ gia dụng","Đồ dùng phòng tắm","Máy lấy xà phòng","13","14.5","1.5","16.1","17.1","1"
"Nhà cửa & Đời sống","Đồ gia dụng","Đồ dùng phòng tắm","Bàn chải vệ sinh & cây thông bồn cầu","11","12.5","1.5","16.1","14.5","-1.6"
"Nhà cửa & Đời sống","Đồ gia dụng","Đồ dùng phòng tắm","Đệm ngồi bồn cầu","13","12.5","-0.5","16.1","14.5","-1.6"
"Nhà cửa & Đời sống","Đồ gia dụng","Đồ dùng phòng tắm","Hộp để bàn chải đánh răng","13","14.5","1.5","16.1","17.1","1"
"Nhà cửa & Đời sống","Đồ gia dụng","Đồ dùng phòng tắm","Khăn tắm","13","14.5","1.5","16.1","17.1","1"
"Nhà cửa & Đời sống","Đồ gia dụng","Đồ dùng phòng tắm","Bồn tắm & Bồn ngâm chân","11","12.5","1.5","13.5","14.5","1"
"Nhà cửa & Đời sống","Đồ gia dụng","Đồ dùng cho lễ hội & bữa tiệc","Phông nền & Biểu ngữ","13","13.5","0.5","15.7","15.7","0"
"Nhà cửa & Đời sống","Đồ gia dụng","Đồ dùng cho lễ hội & bữa tiệc","Bóng bay","13","13.5","0.5","15.7","15.7","0"
"Nhà cửa & Đời sống","Đồ gia dụng","Đồ dùng cho lễ hội & bữa tiệc","Đồ trang trí bánh","13","13.5","0.5","15.7","15.7","0"
"Nhà cửa & Đời sống","Đồ gia dụng","Đồ dùng cho lễ hội & bữa tiệc","Bộ đồ ăn dùng một lần","13","13.5","0.5","15.7","15.7","0"
"Nhà cửa & Đời sống","Đồ gia dụng","Đồ dùng cho lễ hội & bữa tiệc","Đồ trang trí lễ hội","13","13.5","0.5","15.7","15.7","0"
"Nhà cửa & Đời sống","Đồ gia dụng","Đồ dùng cho lễ hội & bữa tiệc","Diêm","13","13.5","0.5","15.7","15.7","0"
"Nhà cửa & Đời sống","Đồ gia dụng","Đồ dùng cho lễ hội & bữa tiệc","Túi & Quà tặng dự tiệc","13","13.5","0.5","15.7","15.7","0"
"Nhà cửa & Đời sống","Đồ gia dụng","Đồ dùng cho lễ hội & bữa tiệc","Nón tiệc, mặt nạ & phụ kiện","13","13.5","0.5","15.7","15.7","0"
"Nhà cửa & Đời sống","Đồ gia dụng","Đồ dùng cho lễ hội & bữa tiệc","Đèn Khổng Minh","13","13.5","0.5","15.7","15.7","0"
"Nhà cửa & Đời sống","Đồ gia dụng","Đồ dùng cho lễ hội & bữa tiệc","Bình xịt, kim tuyến & băng giấy màu","13","13.5","0.5","15.7","15.7","0"
"Nhà cửa & Đời sống","Đồ gia dụng","Đồ gia dụng","Tạp dề","11","13.5","2.5","15.7","16.1","0.4"
"Nhà cửa & Đời sống","Đồ gia dụng","Đồ gia dụng","Thùng rác","11","12.5","1.5","15.7","16.7","1"
"Nhà cửa & Đời sống","Đồ gia dụng","Đồ gia dụng","Chổi","11","8.5","-2.5","15.7","12.7","-3"
"Nhà cửa & Đời sống","Đồ gia dụng","Đồ gia dụng","Xô","11","13","2","15.7","17.7","2"
"Nhà cửa & Đời sống","Đồ gia dụng","Đồ gia dụng","Khăn lau","11","13","2","15.7","17.7","2"
"Nhà cửa & Đời sống","Đồ gia dụng","Đồ gia dụng","Găng tay vệ sinh","11","12.5","1.5","15.7","16.7","1"
"Nhà cửa & Đời sống","Đồ gia dụng","Đồ gia dụng","Bọc giày dùng một lần","11","8.5","-2.5","15.7","12.7","-3"
"Nhà cửa & Đời sống","Đồ gia dụng","Đồ gia dụng","Chắn bụi","11","12.5","1.5","15.7","16.7","1"
"Nhà cửa & Đời sống","Đồ gia dụng","Đồ gia dụng","Máy hút bụi/Đầu máy hút bụi","11","12.5","1.5","15.7","16.7","1"
"Nhà cửa & Đời sống","Đồ gia dụng","Đồ gia dụng","Chất tẩy rửa formaldehyde","11.5","9","-2.5","15.7","10.5","-5.2"
"Nhà cửa & Đời sống","Đồ gia dụng","Đồ gia dụng","Nước hoa để phòng","13","14.5","1.5","16.1","17.1","1"
"Nhà cửa & Đời sống","Đồ gia dụng","Đồ gia dụng","Cây lau nhà","11","8.5","-2.5","15.7","12.7","-3"
"Nhà cửa & Đời sống","Đồ gia dụng","Đồ gia dụng","Tấm chống ẩm, nấm mốc & nhậy","11","12.5","1.5","15.7","16.7","1"
"Nhà cửa & Đời sống","Đồ gia dụng","Đồ gia dụng","Thuốc diệt cỏ & Kiểm soát sâu bệnh","11","12.5","1.5","15.7","16.7","1"
"Nhà cửa & Đời sống","Đồ gia dụng","Đồ gia dụng","Tấm chắn nước bắn","11","13","2","15.7","17.7","2"
"Nhà cửa & Đời sống","Đồ gia dụng","Đồ gia dụng","Bọt biển & miếng cọ rửa","11","8.5","-2.5","15.7","12.7","-3"
"Nhà cửa & Đời sống","Đồ gia dụng","Đồ gia dụng","Chổi cao su","11","12.5","1.5","15.7","16.7","1"
"Nhà cửa & Đời sống","Đồ gia dụng","Đồ gia dụng","Túi rác","11","8.5","-2.5","15.7","12.7","-3"
"Nhà cửa & Đời sống","Đồ gia dụng","Trang trí nội thất","Khay giữ nến","13","14.5","1.5","16.1","17.1","1"
"Nhà cửa & Đời sống","Đồ gia dụng","Trang trí nội thất","Nến","13","14.5","1.5","16.1","17.1","1"
"Nhà cửa & Đời sống","Đồ gia dụng","Trang trí nội thất","Bìa mô hình","13","15","2","16.1","18.1","2"
"Nhà cửa & Đời sống","Đồ gia dụng","Trang trí nội thất","Đồng hồ","13","14.5","1.5","16.1","17.1","1"
"Nhà cửa & Đời sống","Đồ gia dụng","Trang trí nội thất","Hoa, cây & trái cây trang trí","13","14.5","1.5","16.1","17.1","1"
"Nhà cửa & Đời sống","Đồ gia dụng","Trang trí nội thất","Hình dán trang trí","13","14.5","1.5","16.1","17.1","1"
"Nhà cửa & Đời sống","Đồ gia dụng","Trang trí nội thất","Đồ trang trí phong thủy","13","14.5","1.5","16.1","17.1","1"
"Nhà cửa & Đời sống","Đồ gia dụng","Trang trí nội thất","Quạt tay","13","14.5","1.5","16.1","17.1","1"
"Nhà cửa & Đời sống","Đồ gia dụng","Trang trí nội thất","Đồ treo trang trí","13","14.5","1.5","16.1","17.1","1"
"Nhà cửa & Đời sống","Đồ gia dụng","Trang trí nội thất","Móc & Giá","13","14.5","1.5","16.1","17.1","1"
"Nhà cửa & Đời sống","Đồ gia dụng","Trang trí nội thất","Gương","13","14.5","1.5","16.1","17.1","1"
"Nhà cửa & Đời sống","Đồ gia dụng","Trang trí nội thất","Hộp nhạc","13","14.5","1.5","16.1","17.1","1"
"Nhà cửa & Đời sống","Đồ gia dụng","Trang trí nội thất","Album ảnh","13","14.5","1.5","16.1","17.1","1"
"Nhà cửa & Đời sống","Đồ gia dụng","Trang trí nội thất","Khung ảnh","13","14.5","1.5","16.1","17.1","1"
"Nhà cửa & Đời sống","Đồ gia dụng","Trang trí nội thất","Lợn đất","13","14.5","1.5","15.7","17.1","1.4"
"Nhà cửa & Đời sống","Đồ gia dụng","Trang trí nội thất","Tấm & Biển hiệu","13","14.5","1.5","16.1","17.1","1"
"Nhà cửa & Đời sống","Đồ gia dụng","Trang trí nội thất","Áp phích & tài liệu in","13","14.5","1.5","16.1","17.1","1"
"Nhà cửa & Đời sống","Đồ gia dụng","Trang trí nội thất","Nam châm tủ lạnh","13","14.5","1.5","15.7","17.1","1.4"
"Nhà cửa & Đời sống","Đồ gia dụng","Trang trí nội thất","Đồ trang trí theo tôn giáo","13","14.5","1.5","16.1","17.1","1"
"Nhà cửa & Đời sống","Đồ gia dụng","Trang trí nội thất","Tượng & Tượng nhỏ","13","14.5","1.5","14.7","17.1","2.4"
"Nhà cửa & Đời sống","Đồ gia dụng","Trang trí nội thất","Thảm trang trí","13","14.5","1.5","16.1","17.1","1"
"Nhà cửa & Đời sống","Đồ gia dụng","Trang trí nội thất","Bình hoa & đồ lót bình","13","14.5","1.5","16.1","17.1","1"
"Nhà cửa & Đời sống","Đồ gia dụng","Đồ đựng trong nhà","Móc treo & Kẹp","13","14.5","1.5","16.1","17.1","1"
"Nhà cửa & Đời sống","Đồ gia dụng","Đồ đựng trong nhà","Móc & Giá xoay","13","14.5","1.5","16.1","17.1","1"
"Nhà cửa & Đời sống","Đồ gia dụng","Đồ đựng trong nhà","Túi","13","13","0","16.1","15.6","-0.5"
"Nhà cửa & Đời sống","Đồ gia dụng","Đồ đựng trong nhà","Giỏ","11","12.5","1.5","16.1","16.7","0.6"
"Nhà cửa & Đời sống","Đồ gia dụng","Đồ đựng trong nhà","Chai & Lọ","13","14.5","1.5","16.1","17.1","1"
"Nhà cửa & Đời sống","Đồ gia dụng","Đồ đựng trong nhà","Hộp & Thùng","11","12.5","1.5","16.1","16.7","0.6"
"Nhà cửa & Đời sống","Đồ gia dụng","Đồ đựng trong nhà","Hộp để & Giá","13","13.5","0.5","16.1","16.1","0"
"Nhà cửa & Đời sống","Đồ gia dụng","Dụng cụ & phụ kiện giặt là","Giá phơi đồ","10.5","12.5","2","14.7","16.7","2"
"Nhà cửa & Đời sống","Đồ gia dụng","Dụng cụ & phụ kiện giặt là","Bàn ủi","10.5","9","-1.5","14.7","12.7","-2"
"Nhà cửa & Đời sống","Đồ gia dụng","Dụng cụ & phụ kiện giặt là","Bóng & Đĩa giặt","10.5","9","-1.5","14.7","12.7","-2"
"Nhà cửa & Đời sống","Đồ gia dụng","Dụng cụ & phụ kiện giặt là","Ván giặt","10.5","9","-1.5","14.7","12.7","-2"
"Nhà cửa & Đời sống","Đồ gia dụng","Dụng cụ & phụ kiện giặt là","Túi giặt","10.5","9.5","-1","14.7","13.7","-1"
"Nhà cửa & Đời sống","Đồ gia dụng","Dụng cụ & phụ kiện giặt là","Dây phơi","10.5","9","-1.5","14.7","12.7","-2"
"Nhà cửa & Đời sống","Đồ gia dụng","Đồ gia dụng khác","Túi chườm nóng","13","14.5","1.5","16.1","16.7","0.6"
"Nhà cửa & Đời sống","Đồ gia dụng","Đồ gia dụng khác","Phụ kiện bật lửa","13","14.5","1.5","16.1","16.7","0.6"
"Nhà cửa & Đời sống","Đồ gia dụng","Đồ gia dụng khác","Quần áo đi mưa","13.5","15","1.5","16.1","17.1","1"
"Nhà cửa & Đời sống","Đồ gia dụng","Đồ gia dụng khác","Ủng cao su chống nước","13.5","15","1.5","16.1","17.1","1"
"Nhà cửa & Đời sống","Đồ gia dụng","Đồ gia dụng khác","Áo mưa","13.5","15","1.5","16.1","17.1","1"
"Nhà cửa & Đời sống","Đồ gia dụng","Đồ gia dụng khác","Ô dù","13.5","15","1.5","16.1","17.1","1"
"Nhà cửa & Đời sống","Đồ dùng nhà bếp","Đồ làm bánh","Bộ dụng cụ làm bánh","13","14.5","1.5","16.1","17.1","1"
"Nhà cửa & Đời sống","Đồ dùng nhà bếp","Đồ làm bánh","Khay & Khuôn nướng","13","14.5","1.5","16.1","17.1","1"
"Nhà cửa & Đời sống","Đồ dùng nhà bếp","Đồ làm bánh","Khay nướng bánh","13","14.5","1.5","16.1","17.1","1"
"Nhà cửa & Đời sống","Đồ dùng nhà bếp","Đồ làm bánh","Dụng cụ làm bánh","13","14.5","1.5","16.1","17.1","1"
"Nhà cửa & Đời sống","Đồ dùng nhà bếp","Đồ làm bánh","Dụng cụ trang trí","13","15","2","16.1","18.1","2"
"Nhà cửa & Đời sống","Đồ dùng nhà bếp","Đồ làm bánh","Găng tay bắc bếp","13","14","1","16.1","17.1","1"
"Nhà cửa & Đời sống","Đồ dùng nhà bếp","Đồ dùng quầy rượu & Đồ uống rượu","Bộ đồ dùng ở quầy rượu","13","14.5","1.5","16.1","17.1","1"
"Nhà cửa & Đời sống","Đồ dùng nhà bếp","Đồ dùng quầy rượu & Đồ uống rượu","Đồ dùng quầy rượu","13","14.5","1.5","16.1","17.1","1"
"Nhà cửa & Đời sống","Đồ dùng nhà bếp","Đồ dùng quầy rượu & Đồ uống rượu","Thiết bị làm rượu vang","13","14.5","1.5","16.1","17.1","1"
"Nhà cửa & Đời sống","Đồ dùng nhà bếp","Đồ dùng quầy rượu & Đồ uống rượu","Giá để rượu","13","14.5","1.5","16.1","17.1","1"
"Nhà cửa & Đời sống","Đồ dùng nhà bếp","Tiệc nướng barbecue","Đồ dùng nướng thịt","13","14.5","1.5","16.1","15.1","-1"
"Nhà cửa & Đời sống","Đồ dùng nhà bếp","Tiệc nướng barbecue","Vỉ nướng","13","12.5","-0.5","16.1","15.1","-1"
"Nhà cửa & Đời sống","Đồ dùng nhà bếp","Đồ nấu ăn","Phụ kiện dụng cụ nấu nướng","13","14.5","1.5","16.1","17.1","1"
"Nhà cửa & Đời sống","Đồ dùng nhà bếp","Đồ nấu ăn","Bộ dụng cụ nấu ăn","13","14.5","1.5","16.1","17.1","1"
"Nhà cửa & Đời sống","Đồ dùng nhà bếp","Đồ nấu ăn","Đồ nấu ăn dùng một lần","13","14.5","1.5","16.1","17.1","1"
"Nhà cửa & Đời sống","Đồ dùng nhà bếp","Đồ nấu ăn","Xoong & Chảo","13","14.5","1.5","16.1","17.1","1"
"Nhà cửa & Đời sống","Đồ dùng nhà bếp","Đồ nấu ăn","Nồi","13","14.5","1.5","16.1","17.1","1"
"Nhà cửa & Đời sống","Đồ dùng nhà bếp","Đồ nấu ăn","Nồi áp suất","13","14.5","1.5","16.1","17.1","1"
"Nhà cửa & Đời sống","Đồ dùng nhà bếp","Đồ nấu ăn","Nồi hấp","13","14.5","1.5","16.1","17.1","1"
"Nhà cửa & Đời sống","Đồ dùng nhà bếp","Dao kéo & Bộ đồ ăn","Bát","13","14.5","1.5","16.1","17.1","1"
"Nhà cửa & Đời sống","Đồ dùng nhà bếp","Dao kéo & Bộ đồ ăn","Đũa","13","14.5","1.5","16.1","17.1","1"
"Nhà cửa & Đời sống","Đồ dùng nhà bếp","Dao kéo & Bộ đồ ăn","Dĩa","13","14.5","1.5","16.1","17.1","1"
"Nhà cửa & Đời sống","Đồ dùng nhà bếp","Dao kéo & Bộ đồ ăn","Dao","13","14.5","1.5","16.1","17.1","1"
"Nhà cửa & Đời sống","Đồ dùng nhà bếp","Dao kéo & Bộ đồ ăn","Hộp đựng cơm","13","14.5","1.5","16.1","17.1","1"
"Nhà cửa & Đời sống","Đồ dùng nhà bếp","Dao kéo & Bộ đồ ăn","Khăn ăn","13","14.5","1.5","16.1","17.1","1"
"Nhà cửa & Đời sống","Đồ dùng nhà bếp","Dao kéo & Bộ đồ ăn","Miếng lót & Đế lót","13","14.5","1.5","16.1","17.1","1"
"Nhà cửa & Đời sống","Đồ dùng nhà bếp","Dao kéo & Bộ đồ ăn","Đĩa","13","14.5","1.5","16.1","17.1","1"
"Nhà cửa & Đời sống","Đồ dùng nhà bếp","Dao kéo & Bộ đồ ăn","Thìa","13","15","2","16.1","18.1","2"
"Nhà cửa & Đời sống","Đồ dùng nhà bếp","Dao kéo & Bộ đồ ăn","Đế đỡ bộ đồ ăn","13","14.5","1.5","16.1","17.1","1"
"Nhà cửa & Đời sống","Đồ dùng nhà bếp","Dao kéo & Bộ đồ ăn","Bộ đồ ăn","13","14.5","1.5","16.1","17.1","1"
"Nhà cửa & Đời sống","Đồ dùng nhà bếp","Bộ đồ uống","Chén & Đĩa","13","14.5","1.5","16.1","17.1","1"
"Nhà cửa & Đời sống","Đồ dùng nhà bếp","Bộ đồ uống","Phụ kiện bộ đồ uống","13","15","2","16.1","18.1","2"
"Nhà cửa & Đời sống","Đồ dùng nhà bếp","Bộ đồ uống","Cốc thủy tinh","13","14.5","1.5","16.1","17.1","1"
"Nhà cửa & Đời sống","Đồ dùng nhà bếp","Bộ đồ uống","Chai rượu để trong túi bên hông","13","14.5","1.5","16.1","17.1","1"
"Nhà cửa & Đời sống","Đồ dùng nhà bếp","Bộ đồ uống","Ấm & Bình","13","14.5","1.5","16.1","17.1","1"
"Nhà cửa & Đời sống","Đồ dùng nhà bếp","Bộ đồ uống","Cốc","13","14.5","1.5","16.1","17.1","1"
"Nhà cửa & Đời sống","Đồ dùng nhà bếp","Bộ đồ uống","Phích","13","14.5","1.5","16.1","17.1","1"
"Nhà cửa & Đời sống","Đồ dùng nhà bếp","Bộ đồ uống","Bình nước","13","14.5","1.5","16.1","17.1","1"
"Nhà cửa & Đời sống","Đồ dùng nhà bếp","Dao nhà bếp","Thớt","13","14.5","1.5","16.1","17.1","1"
"Nhà cửa & Đời sống","Đồ dùng nhà bếp","Dao nhà bếp","Dao nhà bếp","13","14.5","1.5","16.1","17.1","1"
"Nhà cửa & Đời sống","Đồ dùng nhà bếp","Dao nhà bếp","Kéo nhà bếp","13","14.5","1.5","16.1","17.1","1"
"Nhà cửa & Đời sống","Đồ dùng nhà bếp","Dao nhà bếp","Bộ hộp đựng dao","13","14.5","1.5","16.1","17.1","1"
"Nhà cửa & Đời sống","Đồ dùng nhà bếp","Dao nhà bếp","Hộp để dao","13","14.5","1.5","16.1","17.1","1"
"Nhà cửa & Đời sống","Đồ dùng nhà bếp","Dao nhà bếp","Dụng cụ mài dao","13","14.5","1.5","16.1","17.1","1"
"Nhà cửa & Đời sống","Đồ dùng nhà bếp","Đồ dùng & Dụng cụ nhà bếp","Dụng cụ nấu ăn","13","14.5","1.5","16.1","17.1","1"
"Nhà cửa & Đời sống","Đồ dùng nhà bếp","Đồ dùng & Dụng cụ nhà bếp","Dụng cụ chế biến đồ uống","13","14.5","1.5","16.1","17.1","1"
"Nhà cửa & Đời sống","Đồ dùng nhà bếp","Đồ dùng & Dụng cụ nhà bếp","Dụng cụ chế biến các món trứng","13","14.5","1.5","16.1","17.1","1"
"Nhà cửa & Đời sống","Đồ dùng nhà bếp","Đồ dùng & Dụng cụ nhà bếp","Cái đánh lửa","13","14.5","1.5","16.1","17.1","1"
"Nhà cửa & Đời sống","Đồ dùng nhà bếp","Đồ dùng & Dụng cụ nhà bếp","Đồ đựng rau củ quả","13","14.5","1.5","16.1","17.1","1"
"Nhà cửa & Đời sống","Đồ dùng nhà bếp","Đồ dùng & Dụng cụ nhà bếp","Dụng cụ làm kem","13","14.5","1.5","16.1","17.1","1"
"Nhà cửa & Đời sống","Đồ dùng nhà bếp","Đồ dùng & Dụng cụ nhà bếp","Cân nhà bếp","13","14.5","1.5","16.1","17.1","1"
"Nhà cửa & Đời sống","Đồ dùng nhà bếp","Đồ dùng & Dụng cụ nhà bếp","Nhiệt kế nhà bếp","13","14.5","1.5","16.1","17.1","1"
"Nhà cửa & Đời sống","Đồ dùng nhà bếp","Đồ dùng & Dụng cụ nhà bếp","Đồng hồ hẹn giờ trong bếp","13","14.5","1.5","16.1","17.1","1"
"Nhà cửa & Đời sống","Đồ dùng nhà bếp","Đồ dùng & Dụng cụ nhà bếp","Dụng cụ đo lường","13","14.5","1.5","16.1","17.1","1"
"Nhà cửa & Đời sống","Đồ dùng nhà bếp","Đồ dùng & Dụng cụ nhà bếp","Dụng cụ chế biến thịt & thịt gia cầm","13","14.5","1.5","16.1","17.1","1"
"Nhà cửa & Đời sống","Đồ dùng nhà bếp","Đồ dùng & Dụng cụ nhà bếp","Máy lấy dầu","13","14.5","1.5","16.1","17.1","1"
"Nhà cửa & Đời sống","Đồ dùng nhà bếp","Đồ dùng & Dụng cụ nhà bếp","Dụng cụ mở","13","14.5","1.5","16.1","17.1","1"
"Nhà cửa & Đời sống","Đồ dùng nhà bếp","Đồ dùng & Dụng cụ nhà bếp","Dụng cụ làm pasta & pizza","13","14.5","1.5","16.1","17.1","1"
"Nhà cửa & Đời sống","Đồ dùng nhà bếp","Đồ dùng & Dụng cụ nhà bếp","Dụng cụ nạo & Dụng cụ cắt","13","14.5","1.5","16.1","17.1","1"
"Nhà cửa & Đời sống","Đồ dùng nhà bếp","Đồ dùng & Dụng cụ nhà bếp","Thùng bảo quản","13","14.5","1.5","16.1","17.1","1"
"Nhà cửa & Đời sống","Đồ dùng nhà bếp","Đồ dùng & Dụng cụ nhà bếp","Dụng cụ chế biến hải sản","13","14.5","1.5","16.1","17.1","1"
"Nhà cửa & Đời sống","Đồ dùng nhà bếp","Đồ dùng & Dụng cụ nhà bếp","Đồ đựng gia vị","13","14.5","1.5","16.1","17.1","1"
"Nhà cửa & Đời sống","Đồ dùng nhà bếp","Đồ dùng & Dụng cụ nhà bếp","Sàng và Chao","13","14.5","1.5","16.1","17.1","1"
"Nhà cửa & Đời sống","Đồ dùng nhà bếp","Đồ dùng & Dụng cụ nhà bếp","Khác","13","14.5","1.5","16.1","17.1","1"
"Nhà cửa & Đời sống","Đồ dùng nhà bếp","Đồ để uống trà & cà phê","Túi lọc cà phê","13","14.5","1.5","16.1","17.1","1"
"Nhà cửa & Đời sống","Đồ dùng nhà bếp","Đồ để uống trà & cà phê","Bình cà phê","13","14.5","1.5","16.1","17.1","1"
"Nhà cửa & Đời sống","Đồ dùng nhà bếp","Đồ để uống trà & cà phê","Bộ phin pha cà phê","13","14.5","1.5","16.1","17.1","1"
"Nhà cửa & Đời sống","Đồ dùng nhà bếp","Đồ để uống trà & cà phê","Dụng cụ pha cà phê","13","14.5","1.5","16.1","17.1","1"
"Nhà cửa & Đời sống","Đồ dùng nhà bếp","Đồ để uống trà & cà phê","Máy xay cà phê bằng tay","13","14.5","1.5","16.1","17.1","1"
"Nhà cửa & Đời sống","Đồ dùng nhà bếp","Đồ để uống trà & cà phê","Bình sữa","13","14.5","1.5","16.1","17.1","1"
"Nhà cửa & Đời sống","Đồ dùng nhà bếp","Đồ để uống trà & cà phê","Bộ thưởng trà","13","14.5","1.5","16.1","17.1","1"
"Nhà cửa & Đời sống","Đồ dùng nhà bếp","Đồ để uống trà & cà phê","Dụng cụ pha trà","13","14.5","1.5","16.1","17.1","1"
"Nhà cửa & Đời sống","Đồ dùng nhà bếp","Đồ để uống trà & cà phê","Ấm trà","13","14.5","1.5","16.1","17.1","1"
"Nhà cửa & Đời sống","Đồ dùng cho thú cưng","Vật tư dành cho chim","Thức ăn cho chim","13","12.5","-0.5","16.1","14.7","-1.4"
"Nhà cửa & Đời sống","Đồ dùng cho thú cưng","Vật tư dành cho chim","Chăm sóc chim","13","12.5","-0.5","15.7","14.7","-1"
"Nhà cửa & Đời sống","Đồ dùng cho thú cưng","Vật tư dành cho chim","Đồ chơi","13","13","0","15.7","15.7","0"
"Nhà cửa & Đời sống","Đồ dùng cho thú cưng","Vật tư dành cho chim","Lồng & Phụ kiện","13","12.5","-0.5","15.7","14.7","-1"
"Nhà cửa & Đời sống","Đồ dùng cho thú cưng","Vật tư dành cho chim","Dụng cụ cho ăn","13","12.5","-0.5","15.7","14.7","-1"
"Nhà cửa & Đời sống","Đồ dùng cho thú cưng","Vật tư dành cho chim","Dụng cụ chải lông","13","12.5","-0.5","15.7","14.7","-1"
"Nhà cửa & Đời sống","Đồ dùng cho thú cưng","Vật tư dành cho chim","Xích đu & Cành để đậu","13","12.5","-0.5","15.7","14.7","-1"
"Nhà cửa & Đời sống","Đồ dùng cho thú cưng","Vật tư dành cho chim","Dụng cụ hỗ trợ đào tạo","13","12.5","-0.5","15.7","14.7","-1"
"Nhà cửa & Đời sống","Đồ dùng cho thú cưng","Phụ kiện cho chó & mèo","Camera & Màn hình","13","12.5","-0.5","15.7","14.7","-1"
"Nhà cửa & Đời sống","Đồ dùng cho thú cưng","Phụ kiện cho chó & mèo","Túi & dụng cụ vận chuyển","13","12.5","-0.5","15.7","14.7","-1"
"Nhà cửa & Đời sống","Đồ dùng cho thú cưng","Phụ kiện cho chó & mèo","Đồ chơi cho mèo","13","12.5","-0.5","15.7","14.7","-1"
"Nhà cửa & Đời sống","Đồ dùng cho thú cưng","Phụ kiện cho chó & mèo","Vòng cổ, Đai ngực & Dây dắt","13","12.5","-0.5","15.7","14.7","-1"
"Nhà cửa & Đời sống","Đồ dùng cho thú cưng","Phụ kiện cho chó & mèo","Đồ chơi cho chó","13","12.5","-0.5","15.7","14.7","-1"
"Nhà cửa & Đời sống","Đồ dùng cho thú cưng","Phụ kiện cho chó & mèo","Đồ cho ăn","13","12.5","-0.5","15.7","14.7","-1"
"Nhà cửa & Đời sống","Đồ dùng cho thú cưng","Phụ kiện cho chó & mèo","Vật kỷ niệm","13","12.5","-0.5","15.7","14.7","-1"
"Nhà cửa & Đời sống","Đồ dùng cho thú cưng","Phụ kiện cho chó & mèo","Đào tạo & Hỗ trợ Hành vi","13","12.5","-0.5","15.7","14.7","-1"
"Nhà cửa & Đời sống","Đồ dùng cho thú cưng","Quần áo cho chó & mèo","Bốt & Đồ bảo vệ móng","13","12.5","-0.5","15.7","14.7","-1"
"Nhà cửa & Đời sống","Đồ dùng cho thú cưng","Quần áo cho chó & mèo","Áo choàng","13","12.5","-0.5","15.7","14.7","-1"
"Nhà cửa & Đời sống","Đồ dùng cho thú cưng","Quần áo cho chó & mèo","Trang phục","13","12.5","-0.5","15.7","14.7","-1"
"Nhà cửa & Đời sống","Đồ dùng cho thú cưng","Quần áo cho chó & mèo","Váy","13","12.5","-0.5","15.7","14.7","-1"
"Nhà cửa & Đời sống","Đồ dùng cho thú cưng","Quần áo cho chó & mèo","Kính mắt","13","12.5","-0.5","15.7","14.7","-1"
"Nhà cửa & Đời sống","Đồ dùng cho thú cưng","Quần áo cho chó & mèo","Phụ kiện cài đầu","13","12.5","-0.5","15.7","14.7","-1"
"Nhà cửa & Đời sống","Đồ dùng cho thú cưng","Quần áo cho chó & mèo","Mũ","13","12.5","-0.5","15.7","14.7","-1"
"Nhà cửa & Đời sống","Đồ dùng cho thú cưng","Quần áo cho chó & mèo","Áo phao","13","12.5","-0.5","15.7","14.7","-1"
"Nhà cửa & Đời sống","Đồ dùng cho thú cưng","Quần áo cho chó & mèo","Phụ kiện cổ","13","12.5","-0.5","15.7","14.7","-1"
"Nhà cửa & Đời sống","Đồ dùng cho thú cưng","Quần áo cho chó & mèo","Áo mưa","13","12.5","-0.5","15.7","14.7","-1"
"Nhà cửa & Đời sống","Đồ dùng cho thú cưng","Quần áo cho chó & mèo","Áo sơ mi","13","12.5","-0.5","15.7","14.7","-1"
"Nhà cửa & Đời sống","Đồ dùng cho thú cưng","Quần áo cho chó & mèo","Áo len & Áo hoodie","13","12.5","-0.5","15.7","14.7","-1"
"Nhà cửa & Đời sống","Đồ dùng cho thú cưng","Thức ăn cho chó & mèo","Thức ăn cho mèo","13","12.5","-0.5","16.1","15.1","-1"
"Nhà cửa & Đời sống","Đồ dùng cho thú cưng","Thức ăn cho chó & mèo","Món ăn cho mèo","13","12.5","-0.5","16.1","15.1","-1"
"Nhà cửa & Đời sống","Đồ dùng cho thú cưng","Thức ăn cho chó & mèo","Thức ăn cho chó","13","12.5","-0.5","16.1","15.1","-1"
"Nhà cửa & Đời sống","Đồ dùng cho thú cưng","Thức ăn cho chó & mèo","Món ăn cho chó","13","12.5","-0.5","16.1","15.1","-1"
"Nhà cửa & Đời sống","Đồ dùng cho thú cưng","Nội thất cho chó & mèo","Giường, Sofa & Thảm","13","12.5","-0.5","15.7","14.7","-1"
"Nhà cửa & Đời sống","Đồ dùng cho thú cưng","Nội thất cho chó & mèo","Lồng & Giỏ","13","12.5","-0.5","15.7","14.7","-1"
"Nhà cửa & Đời sống","Đồ dùng cho thú cưng","Nội thất cho chó & mèo","Cửa cho mèo & chó","13","12.5","-0.5","15.7","14.7","-1"
"Nhà cửa & Đời sống","Đồ dùng cho thú cưng","Nội thất cho chó & mèo","Võng cho mèo","13","12.5","-0.5","15.7","14.7","-1"
"Nhà cửa & Đời sống","Đồ dùng cho thú cưng","Nội thất cho chó & mèo","Chuồng","13","12.5","-0.5","15.7","14.7","-1"
"Nhà cửa & Đời sống","Đồ dùng cho thú cưng","Nội thất cho chó & mèo","Rào chắn","13","12.5","-0.5","15.7","14.7","-1"
"Nhà cửa & Đời sống","Đồ dùng cho thú cưng","Nội thất cho chó & mèo","Cột & Bảng cào móng","13","12.5","-0.5","15.7","14.7","-1"
"Nhà cửa & Đời sống","Đồ dùng cho thú cưng","Nội thất cho chó & mèo","Cầu thang & Cầu nâng","13","12.5","-0.5","15.7","14.7","-1"
"Nhà cửa & Đời sống","Đồ dùng cho thú cưng","Đồ chải chuốt cho chó & mèo","Phụ kiện tắm","13","12.5","-0.5","15.7","14.7","-1"
"Nhà cửa & Đời sống","Đồ dùng cho thú cưng","Đồ chải chuốt cho chó & mèo","Chăm sóc móng","13","12.5","-0.5","15.7","14.7","-1"
"Nhà cửa & Đời sống","Đồ dùng cho thú cưng","Đồ chải chuốt cho chó & mèo","Lược & Bàn chải","13","12.5","-0.5","15.7","14.7","-1"
"Nhà cửa & Đời sống","Đồ dùng cho thú cưng","Đồ chải chuốt cho chó & mèo","Xịt khử mùi & nước hoa","13","12.5","-0.5","15.7","14.7","-1"
"Nhà cửa & Đời sống","Đồ dùng cho thú cưng","Đồ chải chuốt cho chó & mèo","Chăm sóc tai","13","12.5","-0.5","15.7","14.7","-1"
"Nhà cửa & Đời sống","Đồ dùng cho thú cưng","Đồ chải chuốt cho chó & mèo","Chăm sóc mắt","13","12.5","-0.5","15.7","14.7","-1"
"Nhà cửa & Đời sống","Đồ dùng cho thú cưng","Đồ chải chuốt cho chó & mèo","Tông đơ cắt tỉa lông","13","12.5","-0.5","15.7","14.7","-1"
"Nhà cửa & Đời sống","Đồ dùng cho thú cưng","Đồ chải chuốt cho chó & mèo","Kéo cắt tỉa lông","13","12.5","-0.5","15.7","14.7","-1"
"Nhà cửa & Đời sống","Đồ dùng cho thú cưng","Đồ chải chuốt cho chó & mèo","Khăn lau","13","12.5","-0.5","15.7","14.7","-1"
"Nhà cửa & Đời sống","Đồ dùng cho thú cưng","Đồ chải chuốt cho chó & mèo","Máy sấy lông","13","12.5","-0.5","15.7","14.7","-1"
"Nhà cửa & Đời sống","Đồ dùng cho thú cưng","Đồ chải chuốt cho chó & mèo","Sản phẩm tẩy lông","13","12.5","-0.5","15.7","14.7","-1"
"Nhà cửa & Đời sống","Đồ dùng cho thú cưng","Đồ chải chuốt cho chó & mèo","Chăm sóc răng miệng","13","12.5","-0.5","15.7","14.7","-1"
"Nhà cửa & Đời sống","Đồ dùng cho thú cưng","Đồ chải chuốt cho chó & mèo","Dầu gội & Dầu xả","13","12.5","-0.5","15.7","14.7","-1"
"Nhà cửa & Đời sống","Đồ dùng cho thú cưng","Đồ chải chuốt cho chó & mèo","Gel & Bột tạo kiểu","13","12.5","-0.5","15.7","14.7","-1"
"Nhà cửa & Đời sống","Đồ dùng cho thú cưng","Chăm sóc sức khỏe cho chó & mèo","Sản phẩm đặc trị bọ chét & bọ ve","13","12.5","-0.5","16.1","15.1","-1"
"Nhà cửa & Đời sống","Đồ dùng cho thú cưng","Chăm sóc sức khỏe cho chó & mèo","Thuốc","13","12.5","-0.5","16.1","15.1","-1"
"Nhà cửa & Đời sống","Đồ dùng cho thú cưng","Chăm sóc sức khỏe cho chó & mèo","Vòng chụp cổ & hỗ trợ cho thú cứng","13","12.5","-0.5","16.1","15.1","-1"
"Nhà cửa & Đời sống","Đồ dùng cho thú cưng","Chăm sóc sức khỏe cho chó & mèo","Vitamin & Thực phẩm bổ sung","13","12.5","-0.5","16.1","15.1","-1"
"Nhà cửa & Đời sống","Đồ dùng cho thú cưng","Cát vệ sinh cho chó & mèo","Tã, Miếng lót & Khay","13","12.5","-0.5","15.7","14.7","-1"
"Nhà cửa & Đời sống","Đồ dùng cho thú cưng","Cát vệ sinh cho chó & mèo","Khay & Hộp đựng cát vệ sinh","13","13","0","15.7","15.7","0"
"Nhà cửa & Đời sống","Đồ dùng cho thú cưng","Cát vệ sinh cho chó & mèo","Xịt khử mùi & tẩy vết bẩn","13","12.5","-0.5","15.7","14.7","-1"
"Nhà cửa & Đời sống","Đồ dùng cho thú cưng","Cát vệ sinh cho chó & mèo","Túi đựng phân & Xẻng xúc","13","12.5","-0.5","15.7","14.7","-1"
"Nhà cửa & Đời sống","Đồ dùng cho thú cưng","Cát vệ sinh cho chó & mèo","Hệ thống huấn luyện vệ sinh cho thú cưng","13","13","0","15.7","15.7","0"
"Nhà cửa & Đời sống","Đồ dùng cho thú cưng","Cát vệ sinh cho chó & mèo","Máy dò nước tiểu","13","12.5","-0.5","15.7","14.7","-1"
"Nhà cửa & Đời sống","Đồ dùng cho thú cưng","Vật tư cho gia cầm & gia súc","Lồng & phụ kiện","13","12.5","-0.5","15.7","14.7","-1"
"Nhà cửa & Đời sống","Đồ dùng cho thú cưng","Vật tư cho gia cầm & gia súc","Giá đỡ & dây","13","12.5","-0.5","15.7","14.7","-1"
"Nhà cửa & Đời sống","Đồ dùng cho thú cưng","Vật tư cho gia cầm & gia súc","Khuyên tai gia súc","13","12.5","-0.5","15.7","14.7","-1"
"Nhà cửa & Đời sống","Đồ dùng cho thú cưng","Vật tư cho gia cầm & gia súc","Đồ dùng chăm sóc sức khỏe cho gia cầm","13","12.5","-0.5","15.7","14.7","-1"
"Nhà cửa & Đời sống","Đồ dùng cho thú cưng","Vật tư cho gia cầm & gia súc","Dụng cụ cho ăn","13","12.5","-0.5","15.7","14.7","-1"
"Nhà cửa & Đời sống","Đồ dùng cho thú cưng","Vật tư cho gia cầm & gia súc","Thức ăn","13","12.5","-0.5","16.1","14.7","-1.4"
"Nhà cửa & Đời sống","Đồ dùng cho thú cưng","Vật tư cho gia cầm & gia súc","Dụng cụ chải lông","13","12.5","-0.5","15.7","14.7","-1"
"Nhà cửa & Đời sống","Đồ dùng cho thú cưng","Vật tư cho gia cầm & gia súc","Đồ chơi","13","12.5","-0.5","15.7","14.7","-1"
"Nhà cửa & Đời sống","Đồ dùng cho thú cưng","Vật tư dành cho cá & loài sống dưới nước","Thuốc cho cá cảnh","13","12.5","-0.5","15.7","14.7","-1"
"Nhà cửa & Đời sống","Đồ dùng cho thú cưng","Vật tư dành cho cá & loài sống dưới nước","Thức ăn cho vật nuôi trong bể cá","13","12.5","-0.5","15.7","14.7","-1"
"Nhà cửa & Đời sống","Đồ dùng cho thú cưng","Vật tư dành cho cá & loài sống dưới nước","Bể cá & Bể chứa","13","12.5","-0.5","15.7","14.7","-1"
"Nhà cửa & Đời sống","Đồ dùng cho thú cưng","Vật tư dành cho cá & loài sống dưới nước","Công cụ làm sạch","13","12.5","-0.5","15.7","14.7","-1"
"Nhà cửa & Đời sống","Đồ dùng cho thú cưng","Vật tư dành cho cá & loài sống dưới nước","Đồ trang trí","13","12.5","-0.5","15.7","14.7","-1"
"Nhà cửa & Đời sống","Đồ dùng cho thú cưng","Vật tư dành cho cá & loài sống dưới nước","Dụng cụ cho ăn","13","12.5","-0.5","15.7","14.7","-1"
"Nhà cửa & Đời sống","Đồ dùng cho thú cưng","Vật tư dành cho cá & loài sống dưới nước","Đèn","13","12.5","-0.5","15.7","14.7","-1"
"Nhà cửa & Đời sống","Đồ dùng cho thú cưng","Vật tư dành cho cá & loài sống dưới nước","Bơm & Bộ lọc","13","12.5","-0.5","15.7","14.7","-1"
"Nhà cửa & Đời sống","Đồ dùng cho thú cưng","Vật tư dành cho cá & loài sống dưới nước","Kiểm soát nhiệt độ","13","12.5","-0.5","15.7","14.7","-1"
"Nhà cửa & Đời sống","Đồ dùng cho thú cưng","Vật tư dành cho cá & loài sống dưới nước","Xử lý nước","13","12.5","-0.5","15.7","14.7","-1"
"Nhà cửa & Đời sống","Đồ dùng cho thú cưng","Vật tư dành cho bò sát & động vật lưỡng cư","Công cụ làm sạch","13","12.5","-0.5","15.7","14.7","-1"
"Nhà cửa & Đời sống","Đồ dùng cho thú cưng","Vật tư dành cho bò sát & động vật lưỡng cư","Đồ trang trí","13","12.5","-0.5","15.7","14.7","-1"
"Nhà cửa & Đời sống","Đồ dùng cho thú cưng","Vật tư dành cho bò sát & động vật lưỡng cư","Dụng cụ cho ăn","13","13","0","15.7","15.7","0"
"Nhà cửa & Đời sống","Đồ dùng cho thú cưng","Vật tư dành cho bò sát & động vật lưỡng cư","Đèn","13","12.5","-0.5","15.7","14.7","-1"
"Nhà cửa & Đời sống","Đồ dùng cho thú cưng","Vật tư dành cho bò sát & động vật lưỡng cư","Thức ăn cho bò sát","13","12.5","-0.5","16.1","14.7","-1.4"
"Nhà cửa & Đời sống","Đồ dùng cho thú cưng","Vật tư dành cho bò sát & động vật lưỡng cư","Đồ dùng chăm sóc sức khỏe cho loài bò sát","13","12.5","-0.5","15.7","14.7","-1"
"Nhà cửa & Đời sống","Đồ dùng cho thú cưng","Vật tư dành cho bò sát & động vật lưỡng cư","Điều khiển nhiệt độ","13","12.5","-0.5","15.7","14.7","-1"
"Nhà cửa & Đời sống","Đồ dùng cho thú cưng","Vật tư dành cho bò sát & động vật lưỡng cư","Nhà kiếng & vật tư vận chuyển","13","12.5","-0.5","15.7","14.7","-1"
"Nhà cửa & Đời sống","Đồ dùng cho thú cưng","Vật tư dành cho động vật nhỏ","Lồng vận chuyển","13","12.5","-0.5","15.7","14.7","-1"
"Nhà cửa & Đời sống","Đồ dùng cho thú cưng","Vật tư dành cho động vật nhỏ","Vòng cổ, Đai ngực & Dây dắt","13","12.5","-0.5","15.7","14.7","-1"
"Nhà cửa & Đời sống","Đồ dùng cho thú cưng","Vật tư dành cho động vật nhỏ","Bánh xe chạy","13","12.5","-0.5","15.7","14.7","-1"
"Nhà cửa & Đời sống","Đồ dùng cho thú cưng","Vật tư dành cho động vật nhỏ","Đồ cho ăn","13","12.5","-0.5","15.7","14.7","-1"
"Nhà cửa & Đời sống","Đồ dùng cho thú cưng","Vật tư dành cho động vật nhỏ","Dụng cụ chải lông","13","13","0","15.7","15.7","0"
"Nhà cửa & Đời sống","Đồ dùng cho thú cưng","Vật tư dành cho động vật nhỏ","Vật tư về sức khỏe","13","12.5","-0.5","15.7","14.7","-1"
"Nhà cửa & Đời sống","Đồ dùng cho thú cưng","Vật tư dành cho động vật nhỏ","Chuồng & Môi trường sống","13","12.5","-0.5","15.7","14.7","-1"
"Nhà cửa & Đời sống","Đồ dùng cho thú cưng","Vật tư dành cho động vật nhỏ","Xịt khử mùi & tẩy vết bẩn","13","12.5","-0.5","15.7","14.7","-1"
"Nhà cửa & Đời sống","Đồ dùng cho thú cưng","Vật tư dành cho động vật nhỏ","Quần áo cho thú cưng nhỏ","13","12.5","-0.5","15.7","14.7","-1"
"Nhà cửa & Đời sống","Đồ dùng cho thú cưng","Vật tư dành cho động vật nhỏ","Thức ăn cho thú cưng nhỏ","13","12.5","-0.5","16.1","14.7","-1.4"
"Nhà cửa & Đời sống","Đồ dùng cho thú cưng","Vật tư dành cho động vật nhỏ","Đồ chơi","13","12.5","-0.5","15.7","14.7","-1"
"Nhà cửa & Đời sống","Điện thoại & Đồ điện tử","Phụ kiện đa năng","Pin cúc áo","10","9.5","-0.5","14.7","13.7","-1"
"Nhà cửa & Đời sống","Điện thoại & Đồ điện tử","Phụ kiện đa năng","Pin khô","12","10","-2","14.7","14.7","0"
"Nhà cửa & Đời sống","Thể thao & Ngoài trời","Thiết bị cắm trại & đi bộ đường dài","Quạt cắm trại","12.5","12","-0.5","15","14","-1"
"Nhà cửa & Đời sống","Thể thao & Ngoài trời","Thiết bị giải trí ngoài trời & thư giãn","Đạp xe","12.5","12","-0.5","15","14","-1"
"Nhà cửa & Đời sống","Hàng dệt & Đồ nội thất mềm","Chăn ga gối đệm","Váy giường","13","14.5","1.5","15.7","16.7","1"
"Nhà cửa & Đời sống","Hàng dệt & Đồ nội thất mềm","Chăn ga gối đệm","Phụ kiện giường","13","14.5","1.5","15.7","16.7","1"
"Nhà cửa & Đời sống","Hàng dệt & Đồ nội thất mềm","Chăn ga gối đệm","Bộ chăn ga gối đệm","13","14.5","1.5","15.7","16.7","1"
"Nhà cửa & Đời sống","Hàng dệt & Đồ nội thất mềm","Chăn ga gối đệm","Khăn trải giường","13","14.5","1.5","15.7","16.7","1"
"Nhà cửa & Đời sống","Hàng dệt & Đồ nội thất mềm","Chăn ga gối đệm","Chăn","13","14.5","1.5","15.7","16.7","1"
"Nhà cửa & Đời sống","Hàng dệt & Đồ nội thất mềm","Chăn ga gối đệm","Bộ chăn ga gối đệm cho trẻ em","13","14.5","1.5","15.7","16.7","1"
"Nhà cửa & Đời sống","Hàng dệt & Đồ nội thất mềm","Chăn ga gối đệm","Thảm & miếng đệm làm mát","13","14.5","1.5","15.7","16.7","1"
"Nhà cửa & Đời sống","Hàng dệt & Đồ nội thất mềm","Chăn ga gối đệm","Vỏ chăn","13","14.5","1.5","15.7","16.7","1"
"Nhà cửa & Đời sống","Hàng dệt & Đồ nội thất mềm","Chăn ga gối đệm","Chăn lông vịt","13","14.5","1.5","15.7","16.7","1"
"Nhà cửa & Đời sống","Hàng dệt & Đồ nội thất mềm","Chăn ga gối đệm","Tấm đệm & Nệm","13","14.5","1.5","15.7","16.7","1"
"Nhà cửa & Đời sống","Hàng dệt & Đồ nội thất mềm","Chăn ga gối đệm","Màn chống muỗi","13","14.5","1.5","15.7","16.7","1"
"Nhà cửa & Đời sống","Hàng dệt & Đồ nội thất mềm","Chăn ga gối đệm","Gối nằm & gối tựa","13","14.5","1.5","15.7","16.7","1"
"Nhà cửa & Đời sống","Hàng dệt & Đồ nội thất mềm","Chăn ga gối đệm","Mền","13","14.5","1.5","15.7","16.7","1"
"Nhà cửa & Đời sống","Hàng dệt & Đồ nội thất mềm","Chăn ga gối đệm","Khăn trải giường & Vỏ gối","13","14.5","1.5","15.7","16.7","1"
"Nhà cửa & Đời sống","Hàng dệt & Đồ nội thất mềm","Vải & Đồ may","Kim","13","14.5","1.5","15.7","16.7","1"
"Nhà cửa & Đời sống","Hàng dệt & Đồ nội thất mềm","Vải & Đồ may","Phụ kiện may vá & Kim chỉ","13","15","2","15.7","17.7","2"
"Nhà cửa & Đời sống","Hàng dệt & Đồ nội thất mềm","Vải & Đồ may","Bộ dụng cụ may thủ công","13","14.5","1.5","15.7","16.7","1"
"Nhà cửa & Đời sống","Hàng dệt & Đồ nội thất mềm","Vải & Đồ may","Máy may","13","14.5","1.5","15.7","16.7","1"
"Nhà cửa & Đời sống","Hàng dệt & Đồ nội thất mềm","Vải & Đồ may","Bộ dụng cụ may vá","13","14.5","1.5","15.7","16.7","1"
"Nhà cửa & Đời sống","Hàng dệt & Đồ nội thất mềm","Vải & Đồ may","Dệt & Vải","13","14.5","1.5","15.7","16.7","1"
"Nhà cửa & Đời sống","Hàng dệt & Đồ nội thất mềm","Vải & Đồ may","Chỉ","13","15","2","15.7","17.7","2"
"Nhà cửa & Đời sống","Hàng dệt & Đồ nội thất mềm","Hàng dệt gia dụng","Thảm","13","14.5","1.5","16.1","17.1","1"
"Nhà cửa & Đời sống","Hàng dệt & Đồ nội thất mềm","Hàng dệt gia dụng","Bọc ghế","13","14.5","1.5","16.1","17.1","1"
"Nhà cửa & Đời sống","Hàng dệt & Đồ nội thất mềm","Hàng dệt gia dụng","Rèm cửa","13","14.5","1.5","16.1","17.1","1"
"Nhà cửa & Đời sống","Hàng dệt & Đồ nội thất mềm","Hàng dệt gia dụng","Gối đệm, nệm & áo gối","13","14.5","1.5","16.1","16.7","0.6"
"Nhà cửa & Đời sống","Hàng dệt & Đồ nội thất mềm","Hàng dệt gia dụng","Khăn trải bàn & Thảm trang trí","13","14.5","1.5","16.1","17.1","1"
"Nhà cửa & Đời sống","Hàng dệt & Đồ nội thất mềm","Hàng dệt gia dụng","Bọc ghế sofa","13","14.5","1.5","16.1","17.1","1"
"Nhà cửa & Đời sống","Công cụ & Phần cứng","Dụng cụ làm vườn","Cưa xích","11","12.5","1.5","13.5","14.5","1"
"Nhà cửa & Đời sống","Công cụ & Phần cứng","Dụng cụ làm vườn","Chĩa & Xẻng","11","13","2","13.5","15.5","2"
"Nhà cửa & Đời sống","Công cụ & Phần cứng","Dụng cụ làm vườn","Dụng cụ dọn vườn","11","12.5","1.5","13.5","14.5","1"
"Nhà cửa & Đời sống","Công cụ & Phần cứng","Dụng cụ làm vườn","Găng tay làm vườn & trang bị bảo hộ","11","12.5","1.5","13.5","14.5","1"
"Nhà cửa & Đời sống","Công cụ & Phần cứng","Dụng cụ làm vườn","Phụ kiện dụng cụ làm vườn","11","12.5","1.5","13.5","14.5","1"
"Nhà cửa & Đời sống","Công cụ & Phần cứng","Dụng cụ làm vườn","Máy xén cỏ","11","12.5","1.5","13.5","14.5","1"
"Nhà cửa & Đời sống","Công cụ & Phần cứng","Dụng cụ làm vườn","Cuốc & Cào","11","12.5","1.5","13.5","14.5","1"
"Nhà cửa & Đời sống","Công cụ & Phần cứng","Dụng cụ làm vườn","Máy cắt cỏ","11","12.5","1.5","13.5","14.5","1"
"Nhà cửa & Đời sống","Công cụ & Phần cứng","Dụng cụ làm vườn","Máy thổi lá & Máy hút bụi","11","12.5","1.5","13.5","14.5","1"
"Nhà cửa & Đời sống","Công cụ & Phần cứng","Dụng cụ làm vườn","Máy dò kim loại","11","12.5","1.5","13.5","14.5","1"
"Nhà cửa & Đời sống","Công cụ & Phần cứng","Dụng cụ làm vườn","Dụng cụ cắt tỉa","11","12.5","1.5","13.5","14.5","1"
"Nhà cửa & Đời sống","Công cụ & Phần cứng","Dụng cụ làm vườn","Dụng cụ cạo tuyết","11","12.5","1.5","13.5","14.5","1"
"Nhà cửa & Đời sống","Công cụ & Phần cứng","Dụng cụ làm vườn","Dao & Xẻng","11","12.5","1.5","13.5","14.5","1"
"Nhà cửa & Đời sống","Công cụ & Phần cứng","Dụng cụ làm vườn","Dụng cụ làm vườn chuyên môn","11","12.5","1.5","13.5","14.5","1"
"Nhà cửa & Đời sống","Công cụ & Phần cứng","Dụng cụ cầm tay","Rìu","13","14.5","1.5","15.7","16.7","1"
"Nhà cửa & Đời sống","Công cụ & Phần cứng","Dụng cụ cầm tay","Đục","13","14.5","1.5","15.7","16.7","1"
"Nhà cửa & Đời sống","Công cụ & Phần cứng","Dụng cụ cầm tay","Dụng cụ cắt","13","14.5","1.5","15.7","16.7","1"
"Nhà cửa & Đời sống","Công cụ & Phần cứng","Dụng cụ cầm tay","Búa","13","14.5","1.5","15.7","16.7","1"
"Nhà cửa & Đời sống","Công cụ & Phần cứng","Dụng cụ cầm tay","Máy tán đinh cầm tay","13","14.5","1.5","15.7","16.7","1"
"Nhà cửa & Đời sống","Công cụ & Phần cứng","Dụng cụ cầm tay","Phụ kiện dụng cụ cầm tay","13","14.5","1.5","15.7","16.7","1"
"Nhà cửa & Đời sống","Công cụ & Phần cứng","Dụng cụ cầm tay","Cân công nghiệp","13","14.5","1.5","15.7","16.7","1"
"Nhà cửa & Đời sống","Công cụ & Phần cứng","Dụng cụ cầm tay","Nhíp công nghiệp","13","14.5","1.5","15.7","16.7","1"
"Nhà cửa & Đời sống","Công cụ & Phần cứng","Dụng cụ cầm tay","Dao","13","14.5","1.5","15.7","16.7","1"
"Nhà cửa & Đời sống","Công cụ & Phần cứng","Dụng cụ cầm tay","Dụng cụ xây dựng và ốp lát","13","14.5","1.5","15.7","16.7","1"
"Nhà cửa & Đời sống","Công cụ & Phần cứng","Dụng cụ cầm tay","Dụng cụ đa năng & phụ kiện","13","14.5","1.5","15.7","16.7","1"
"Nhà cửa & Đời sống","Công cụ & Phần cứng","Dụng cụ cầm tay","Kìm","13","14.5","1.5","15.7","16.7","1"
"Nhà cửa & Đời sống","Công cụ & Phần cứng","Dụng cụ cầm tay","Cưa","13","14.5","1.5","15.7","16.7","1"
"Nhà cửa & Đời sống","Công cụ & Phần cứng","Dụng cụ cầm tay","Kéo","13","14.5","1.5","15.7","16.7","1"
"Nhà cửa & Đời sống","Công cụ & Phần cứng","Dụng cụ cầm tay","Tua vít","13","14.5","1.5","15.7","16.7","1"
"Nhà cửa & Đời sống","Công cụ & Phần cứng","Dụng cụ cầm tay","Dụng cụ cầm tay chuyên môn","13","14.5","1.5","15.7","16.7","1"
"Nhà cửa & Đời sống","Công cụ & Phần cứng","Dụng cụ cầm tay","Bộ dụng cụ","13","14.5","1.5","15.7","16.7","1"
"Nhà cửa & Đời sống","Công cụ & Phần cứng","Dụng cụ cầm tay","Dụng cụ sửa chữa đồng hồ","13","14.5","1.5","15.7","16.7","1"
"Nhà cửa & Đời sống","Công cụ & Phần cứng","Dụng cụ cầm tay","Cờ lê","13","14.5","1.5","15.7","16.7","1"
"Nhà cửa & Đời sống","Công cụ & Phần cứng","Phần cứng","Sản phẩm mài & hoàn thiện","13","12.5","-0.5","13.5","15","1.5"
"Nhà cửa & Đời sống","Công cụ & Phần cứng","Phần cứng","Chất kết dính, Băng dính & Chất hàn","13","14.5","1.5","13.5","16.7","3.2"
"Nhà cửa & Đời sống","Công cụ & Phần cứng","Phần cứng","Kẹp","13","14.5","1.5","13.5","16.7","3.2"
"Nhà cửa & Đời sống","Công cụ & Phần cứng","Phần cứng","Phần cứng cửa","11","12.5","1.5","13.5","15","1.5"
"Nhà cửa & Đời sống","Công cụ & Phần cứng","Phần cứng","Chốt & Móc","13","14.5","1.5","13.5","16.7","3.2"
"Nhà cửa & Đời sống","Công cụ & Phần cứng","Phần cứng","Phần cứng nội thất","13","14.5","1.5","13.5","16.7","3.2"
"Nhà cửa & Đời sống","Công cụ & Phần cứng","Phần cứng","Nam châm","13","14.5","1.5","15.7","16.7","1"
"Nhà cửa & Đời sống","Công cụ & Phần cứng","Phần cứng","Phần cứng cơ khí","13","14.5","1.5","13.5","16.7","3.2"
"Nhà cửa & Đời sống","Công cụ & Phần cứng","Phần cứng","Ổ khóa & chốt khóa","13","14.5","1.5","13.5","14.5","1"
"Nhà cửa & Đời sống","Công cụ & Phần cứng","Phần cứng","Dây thừng, Dây xích & Móc ròng rọc","13","14.5","1.5","13.5","16.7","3.2"
"Nhà cửa & Đời sống","Công cụ & Phần cứng","Phần cứng","Phần cứng cửa sổ","11","12.5","1.5","13.5","15","1.5"
"Nhà cửa & Đời sống","Công cụ & Phần cứng","Dụng cụ đo lường","Dụng cụ đo bằng điện","13","14.5","1.5","15.7","16.7","1"
"Nhà cửa & Đời sống","Công cụ & Phần cứng","Dụng cụ đo lường","Dụng cụ đo cầm tay","13","14.5","1.5","15.7","16.7","1"
"Nhà cửa & Đời sống","Công cụ & Phần cứng","Dụng cụ đo lường","Dụng cụ quang học","13","14.5","1.5","15.7","16.7","1"
"Nhà cửa & Đời sống","Công cụ & Phần cứng","Dụng cụ đo lường","Dụng cụ đo lường vật lý","13","14.5","1.5","15.7","16.7","1"
"Nhà cửa & Đời sống","Công cụ & Phần cứng","Dụng cụ đo lường","Dụng cụ đo áp suất","13","14.5","1.5","15.7","16.7","1"
"Nhà cửa & Đời sống","Công cụ & Phần cứng","Dụng cụ đo lường","Dụng cụ đo nhiệt độ","13","14.5","1.5","15.7","16.7","1"
"Nhà cửa & Đời sống","Công cụ & Phần cứng","Dụng cụ điện","Máy nén khí","13","14.5","1.5","15.7","16.7","1"
"Nhà cửa & Đời sống","Công cụ & Phần cứng","Dụng cụ điện","Máy mài góc","13","14.5","1.5","15.7","16.7","1"
"Nhà cửa & Đời sống","Công cụ & Phần cứng","Dụng cụ điện","Máy thổi","13","14.5","1.5","15.7","16.7","1"
"Nhà cửa & Đời sống","Công cụ & Phần cứng","Dụng cụ điện","Máy khoan điện","13","14.5","1.5","15.7","16.7","1"
"Nhà cửa & Đời sống","Công cụ & Phần cứng","Dụng cụ điện","Cưa điện","13","14.5","1.5","15.7","16.7","1"
"Nhà cửa & Đời sống","Công cụ & Phần cứng","Dụng cụ điện","Tua vít điện","13","14.5","1.5","15.7","16.7","1"
"Nhà cửa & Đời sống","Công cụ & Phần cứng","Dụng cụ điện","Cờ lê điện","13","14.5","1.5","15.7","16.7","1"
"Nhà cửa & Đời sống","Công cụ & Phần cứng","Dụng cụ điện","Súng bắn keo","13","14.5","1.5","15.7","16.7","1"
"Nhà cửa & Đời sống","Công cụ & Phần cứng","Dụng cụ điện","Súng nhiệt","13","14.5","1.5","15.7","16.7","1"
"Nhà cửa & Đời sống","Công cụ & Phần cứng","Dụng cụ điện","Súng bắn đinh","13","14.5","1.5","15.7","16.7","1"
"Nhà cửa & Đời sống","Công cụ & Phần cứng","Dụng cụ điện","Máy đánh bóng","13","14.5","1.5","15.7","16.7","1"
"Nhà cửa & Đời sống","Công cụ & Phần cứng","Dụng cụ điện","Phụ kiện dụng cụ điện","13","14.5","1.5","15.7","16.7","1"
"Nhà cửa & Đời sống","Công cụ & Phần cứng","Dụng cụ điện","Bộ dụng cụ điện","13","14.5","1.5","15.7","16.7","1"
"Nhà cửa & Đời sống","Công cụ & Phần cứng","Dụng cụ điện","Máy rửa áp lực","13","14.5","1.5","15.7","16.7","1"
"Nhà cửa & Đời sống","Công cụ & Phần cứng","Dụng cụ điện","Dụng cụ điện chuyên môn","13","14.5","1.5","15.7","16.7","1"
"Nhà cửa & Đời sống","Công cụ & Phần cứng","Dụng cụ điện","Súng phun","13","14.5","1.5","15.7","16.7","1"
"Nhà cửa & Đời sống","Công cụ & Phần cứng","Dụng cụ điện","Máy phay gỗ","13","14.5","1.5","15.7","16.7","1"
"Nhà cửa & Đời sống","Công cụ & Phần cứng","Máy bơm & Hệ thống đường ống","Ống & phụ kiện","13","14.5","1.5","15.7","16.7","1"
"Nhà cửa & Đời sống","Công cụ & Phần cứng","Máy bơm & Hệ thống đường ống","Máy bơm, bộ phận & phụ kiện","13","14.5","1.5","15.7","16.7","1"
"Nhà cửa & Đời sống","Công cụ & Phần cứng","Máy bơm & Hệ thống đường ống","Van & bộ phận","13","14.5","1.5","15.7","16.7","1"
"Nhà cửa & Đời sống","Công cụ & Phần cứng","Thiết bị hàn","Mỏ hàn điện","13","14.5","1.5","15.7","16.7","1"
"Nhà cửa & Đời sống","Công cụ & Phần cứng","Thiết bị hàn","Trạm hàn","13","14.5","1.5","15.7","16.7","1"
"Nhà cửa & Đời sống","Công cụ & Phần cứng","Thiết bị hàn","Máy hàn","13","14.5","1.5","15.7","16.7","1"
"Nhà cửa & Đời sống","Công cụ & Phần cứng","Thiết bị hàn","Phụ kiện hàn","13","14.5","1.5","15.7","16.7","1"
"Nhà cửa & Đời sống","Công cụ & Phần cứng","Bộ sắp xếp dụng cụ","Túi đựng dụng cụ","13","12.5","-0.5","15.7","15","-0.7"
"Nhà cửa & Đời sống","Công cụ & Phần cứng","Bộ sắp xếp dụng cụ","Bọc & Hộp dụng cụ","13","12.5","-0.5","15.7","15","-0.7"
"Nhà cửa & Đời sống","Công cụ & Phần cứng","Bộ sắp xếp dụng cụ","Giá đỡ & Thanh treo dụng cụ","13","12.5","-0.5","15.7","15","-0.7"
"Nhà cửa & Đời sống","Đồ chơi & sở thích","DIY","Làm huy hiệu","13","14.5","1.5","15.7","16.7","1"
"Nhà cửa & Đời sống","Đồ chơi & sở thích","DIY","Làm cườm & trang sức","13","14.5","1.5","15.7","16.7","1"
"Nhà cửa & Đời sống","Đồ chơi & sở thích","DIY","Làm nến & xà phòng","13","14.5","1.5","15.7","16.7","1"
"Nhà cửa & Đời sống","Đồ chơi & sở thích","DIY","Đồ vẽ tự làm","13","14.5","1.5","15.7","16.7","1"
"Nhà cửa & Đời sống","Đồ chơi & sở thích","DIY","Đồ gỗ tự làm","13","14.5","1.5","15.7","16.7","1"
"Nhà cửa & Đời sống","Đồ chơi & sở thích","DIY","Thủ công mỹ nghệ vải nỉ","13","14.5","1.5","15.7","16.7","1"
"Nhà cửa & Đời sống","Đồ chơi & sở thích","DIY","Đan & móc","13","14.5","1.5","15.7","16.7","1"
"Nhà cửa & Đời sống","Đồ chơi & sở thích","DIY","Thủ công da","13","14.5","1.5","15.7","16.7","1"
"Nhà cửa & Đời sống","Đồ chơi & sở thích","DIY","Gia công kim","13","14.5","1.5","15.7","16.7","1"
"Nhà cửa & Đời sống","Đồ chơi & sở thích","DIY","Gốm & Gốm sứ","13","14.5","1.5","15.7","16.7","1"
"Nhà cửa & Đời sống","Đồ chơi & sở thích","DIY","Làm album thủ công & In dập","13","15","2","15.7","17.7","2"
"Nhà cửa & Đời sống","Đồ chơi & sở thích","DIY","Đồ tự chế đặc biệt","13","14.5","1.5","15.7","16.7","1"
"Nhà cửa & Đời sống","Đồ chơi & sở thích","Đồ chơi điện & điều khiển từ xa","Máy bay & Trực thăng","14","15","1","15.7","16.2","0.5"
"Nhà cửa & Đời sống","Đồ chơi & sở thích","Đồ chơi điện & điều khiển từ xa","Động vật","14","15.5","1.5","15.7","16.7","1"
"Nhà cửa & Đời sống","Đồ chơi & sở thích","Đồ chơi điện & điều khiển từ xa","Thuyền & Tàu ngầm","14","15","1","15.7","16.2","0.5"
"Nhà cửa & Đời sống","Đồ chơi & sở thích","Đồ chơi điện & điều khiển từ xa","Ô tô, Xe buýt & Xe lửa","12.5","13","0.5","15.7","16.1","0.4"
"Nhà cửa & Đời sống","Đồ chơi & sở thích","Đồ chơi điện & điều khiển từ xa","Thảm nhảy","14","15","1","15.7","16.2","0.5"
"Nhà cửa & Đời sống","Đồ chơi & sở thích","Đồ chơi điện & điều khiển từ xa","Camera kỹ thuật số","14","15","1","15.7","16.2","0.5"
"Nhà cửa & Đời sống","Đồ chơi & sở thích","Đồ chơi điện & điều khiển từ xa","Phụ kiện đồ chơi điện","14","15.5","1.5","15.7","16.7","1"
"Nhà cửa & Đời sống","Đồ chơi & sở thích","Đồ chơi điện & điều khiển từ xa","Thú cưng điện tử","14","15","1","15.7","16.2","0.5"
"Nhà cửa & Đời sống","Đồ chơi & sở thích","Đồ chơi điện & điều khiển từ xa","Máy hát karaoke","14","15.5","1.5","15.7","16.7","1"
"Nhà cửa & Đời sống","Đồ chơi & sở thích","Đồ chơi điện & điều khiển từ xa","Xe máy","12.5","13.5","1","15.7","17.1","1.4"
"Nhà cửa & Đời sống","Đồ chơi & sở thích","Đồ chơi điện & điều khiển từ xa","Rô bốt","12.5","13","0.5","15.7","16.1","0.4"
"Nhà cửa & Đời sống","Đồ chơi & sở thích","Đồ chơi điện & điều khiển từ xa","Xe tăng","14","15.5","1.5","15.7","16.7","1"
"Nhà cửa & Đời sống","Đồ chơi & sở thích","Đồ chơi điện & điều khiển từ xa","Bộ đàm","14","15","1","15.7","16.2","0.5"
"Nhà cửa & Đời sống","Đồ chơi & sở thích","Trò chơi & Ghép hình","Trò chơi trong nhà","14","15.5","1.5","15.7","16.7","1"
"Nhà cửa & Đời sống","Đồ chơi & sở thích","Trò chơi & Ghép hình","Trò chơi thẻ bài","14","15.5","1.5","15.7","16.7","1"
"Nhà cửa & Đời sống","Đồ chơi & sở thích","Trò chơi & Ghép hình","Xúc xắc","14","15.5","1.5","15.7","16.7","1"
"Nhà cửa & Đời sống","Đồ chơi & sở thích","Trò chơi & Ghép hình","Trò chơi trên sàn nhà","14","15.5","1.5","15.7","16.7","1"
"Nhà cửa & Đời sống","Đồ chơi & sở thích","Trò chơi & Ghép hình","Thiết bị nhào lộn ma thuật","14","15.5","1.5","15.7","16.7","1"
"Nhà cửa & Đời sống","Đồ chơi & sở thích","Trò chơi & Ghép hình","Hình khối ma thuật","14","15","1","15.7","16.2","0.5"
"Nhà cửa & Đời sống","Đồ chơi & sở thích","Trò chơi & Ghép hình","Ghép hình","14","15","1","15.7","16.2","0.5"
"Nhà cửa & Đời sống","Đồ chơi & sở thích","Trò chơi & Ghép hình","Trò chơi xếp chồng","14","15.5","1.5","15.7","16.7","1"
"Nhà cửa & Đời sống","Đồ chơi & sở thích","Nhạc cụ & Phụ kiện","Đàn synthesizer điện tử","13","14.5","1.5","13.5","14.5","1"
"Nhà cửa & Đời sống","Đồ chơi & sở thích","Nhạc cụ & Phụ kiện","Đàn guitar & bộ dây","13","14.5","1.5","13.5","14.5","1"
"Nhà cửa & Đời sống","Đồ chơi & sở thích","Nhạc cụ & Phụ kiện","Túi & Hộp đựng dụng cụ","13","14.5","1.5","13.5","14.5","1"
"Nhà cửa & Đời sống","Đồ chơi & sở thích","Nhạc cụ & Phụ kiện","Bàn phím & Piano","13","14.5","1.5","13.5","14.5","1"
"Nhà cửa & Đời sống","Đồ chơi & sở thích","Nhạc cụ & Phụ kiện","Phụ kiện âm nhạc","13","14.5","1.5","13.5","14.5","1"
"Nhà cửa & Đời sống","Đồ chơi & sở thích","Nhạc cụ & Phụ kiện","Nhạc cụ gõ","13","14.5","1.5","13.5","14.5","1"
"Nhà cửa & Đời sống","Đồ chơi & sở thích","Nhạc cụ & Phụ kiện","Nhạc cụ thổi","13","14.5","1.5","13.5","14.5","1"
"Mẹ & Bé","Trẻ sơ sinh & thai sản","Chăm sóc bé & sức khỏe","Đồ dùng tắm cho trẻ","11.5","12","0.5","15.7","15.7","0"
"Mẹ & Bé","Trẻ sơ sinh & thai sản","Chăm sóc bé & sức khỏe","Chậu tắm & Ghế tắm cho trẻ","11.5","12.5","1","15.7","16.7","1"
"Mẹ & Bé","Trẻ sơ sinh & thai sản","Chăm sóc bé & sức khỏe","Máy tiệt trùng quần áo trẻ em","11.5","13","1.5","15.7","16","0.3"
"Mẹ & Bé","Trẻ sơ sinh & thai sản","Chăm sóc bé & sức khỏe","Tã lót","10","11","1","13.5","14.5","1"
"Mẹ & Bé","Trẻ sơ sinh & thai sản","Chăm sóc bé & sức khỏe","Dụng cụ cắt tỉa tóc cho trẻ","11.5","12","0.5","15.7","15.7","0"
"Mẹ & Bé","Trẻ sơ sinh & thai sản","Chăm sóc bé & sức khỏe","Máy sấy tóc cho trẻ","11.5","13","1.5","15.7","16","0.3"
"Mẹ & Bé","Trẻ sơ sinh & thai sản","Chăm sóc bé & sức khỏe","Máy cắt tóc cho trẻ","11.5","13","1.5","15.7","16","0.3"
"Mẹ & Bé","Trẻ sơ sinh & thai sản","Chăm sóc bé & sức khỏe","Nước rửa tay","11.5","12","0.5","15.7","15.7","0"
"Mẹ & Bé","Trẻ sơ sinh & thai sản","Chăm sóc bé & sức khỏe","Chăm sóc da cho trẻ","11.5","9","-2.5","15","12","-3"
"Mẹ & Bé","Trẻ sơ sinh & thai sản","Chăm sóc bé & sức khỏe","Vitamin & Thực phẩm bổ sung cho trẻ","11.5","13","1.5","15","16","1"
"Mẹ & Bé","Trẻ sơ sinh & thai sản","Chăm sóc bé & sức khỏe","Chăm sóc mũi & răng miệng","11.5","13","1.5","15","16","1"
"Mẹ & Bé","Trẻ sơ sinh & thai sản","Chăm sóc bé & sức khỏe","Nước hoa","11.5","12","0.5","15.7","15.7","0"
"Mẹ & Bé","Trẻ sơ sinh & thai sản","Chăm sóc bé & sức khỏe","Chăm sóc tóc & Tắm gội toàn thân","11.5","9","-2.5","15.7","12.7","-3"
"Mẹ & Bé","Trẻ sơ sinh & thai sản","Chăm sóc bé & sức khỏe","Dụng cụ tạo hình tay & dấu chân","11.5","13","1.5","15.7","16","0.3"
"Mẹ & Bé","Trẻ sơ sinh & thai sản","Chăm sóc bé & sức khỏe","Thiết bị đo chiều cao & chu vi","11.5","13","1.5","15","16","1"
"Mẹ & Bé","Trẻ sơ sinh & thai sản","Chăm sóc bé & sức khỏe","Thuốc diệt côn trùng & sâu bọ","12.5","13","0.5","17.8","16","-1.8"
"Mẹ & Bé","Trẻ sơ sinh & thai sản","Chăm sóc bé & sức khỏe","Bột giặt","10.5","13.5","3","14.7","17","2.3"
"Mẹ & Bé","Trẻ sơ sinh & thai sản","Chăm sóc bé & sức khỏe","Khay đựng thuốc","11.5","13","1.5","15.7","16","0.3"
"Mẹ & Bé","Trẻ sơ sinh & thai sản","Chăm sóc bé & sức khỏe","Ty ngậm giảm đau khi mọc răng","11.5","14.5","3","16.1","17.1","1"
"Mẹ & Bé","Trẻ sơ sinh & thai sản","Chăm sóc bé & sức khỏe","Cân","12.5","13","0.5","16.1","16","-0.1"
"Mẹ & Bé","Trẻ sơ sinh & thai sản","Chăm sóc bé & sức khỏe","Khăn tắm & Mũ tắm","11.5","12","0.5","15.7","15.7","0"
"Mẹ & Bé","Trẻ sơ sinh & thai sản","Chăm sóc bé & sức khỏe","Khăn lau & khay","11.5","12.5","1","15.7","16.7","1"
"Mẹ & Bé","Trẻ sơ sinh & thai sản","Quần áo & Giày trẻ em","Quần bloomer, tã lót & đồ lót","13.5","15","1.5","16.1","17.1","1"
"Mẹ & Bé","Trẻ sơ sinh & thai sản","Quần áo & Giày trẻ em","Bộ đồ liền thân & Áo liền quần","13.5","15","1.5","16.1","17.1","1"
"Mẹ & Bé","Trẻ sơ sinh & thai sản","Quần áo & Giày trẻ em","Quần","13.5","15","1.5","16.1","17.1","1"
"Mẹ & Bé","Trẻ sơ sinh & thai sản","Quần áo & Giày trẻ em","Trang phục","13.5","15","1.5","16.1","17.1","1"
"Mẹ & Bé","Trẻ sơ sinh & thai sản","Quần áo & Giày trẻ em","Váy","13.5","15","1.5","16.1","17.1","1"
"Mẹ & Bé","Trẻ sơ sinh & thai sản","Quần áo & Giày trẻ em","Bộ quà tặng","13.5","13","-0.5","16.1","16.1","0"
"Mẹ & Bé","Trẻ sơ sinh & thai sản","Quần áo & Giày trẻ em","Áo hoodie & hoạt động","13.5","15","1.5","16.1","17.1","1"
"Mẹ & Bé","Trẻ sơ sinh & thai sản","Quần áo & Giày trẻ em","Áo khoác & Áo choàng","13.5","15","1.5","16.1","17.1","1"
"Mẹ & Bé","Trẻ sơ sinh & thai sản","Quần áo & Giày trẻ em","Giày","13.5","14","0.5","16.1","16.1","0"
"Mẹ & Bé","Trẻ sơ sinh & thai sản","Quần áo & Giày trẻ em","Đồ ngủ","13.5","15","1.5","16.1","17.1","1"
"Mẹ & Bé","Trẻ sơ sinh & thai sản","Quần áo & Giày trẻ em","Tất & Quần tất","13.5","14","0.5","16.1","16.1","0"
"Mẹ & Bé","Trẻ sơ sinh & thai sản","Quần áo & Giày trẻ em","Áo len","13.5","15","1.5","16.1","17.1","1"
"Mẹ & Bé","Trẻ sơ sinh & thai sản","Quần áo & Giày trẻ em","Đồ bơi","13.5","15","1.5","16.1","17.1","1"
"Mẹ & Bé","Trẻ sơ sinh & thai sản","Quần áo & Giày trẻ em","Áo","13.5","15","1.5","16.1","17.1","1"
"Mẹ & Bé","Trẻ sơ sinh & thai sản","Phụ kiện thời trang cho em bé","Túi xách trẻ em","13.5","14","0.5","16.1","16.1","0"
"Mẹ & Bé","Trẻ sơ sinh & thai sản","Phụ kiện thời trang cho em bé","Phục sức cho bé","13.5","14","0.5","16.1","16.1","0"
"Mẹ & Bé","Trẻ sơ sinh & thai sản","Phụ kiện thời trang cho em bé","Bịt tai cho bé","13.5","14","0.5","16.1","16.1","0"
"Mẹ & Bé","Trẻ sơ sinh & thai sản","Phụ kiện thời trang cho em bé","Khẩu trang cho bé","13.5","14","0.5","16.1","16.1","0"
"Mẹ & Bé","Trẻ sơ sinh & thai sản","Phụ kiện thời trang cho em bé","Găng tay em bé","13.5","14","0.5","16.1","16.1","0"
"Mẹ & Bé","Trẻ sơ sinh & thai sản","Phụ kiện thời trang cho em bé","Phụ kiện tóc cho bé","13.5","14.5","1","16.1","17.1","1"
"Mẹ & Bé","Trẻ sơ sinh & thai sản","Phụ kiện thời trang cho em bé","Mũ & Mũ lưỡi trai em bé","13.5","14","0.5","16.1","16.1","0"
"Mẹ & Bé","Trẻ sơ sinh & thai sản","Phụ kiện thời trang cho em bé","Khăn quàng cổ cho bé","13.5","14","0.5","16.1","16.1","0"
"Mẹ & Bé","Trẻ sơ sinh & thai sản","Phụ kiện thời trang cho em bé","Yếm dãi & khăn ợ hơi","13.5","14.5","1","16.1","17.1","1"
"Mẹ & Bé","Trẻ sơ sinh & thai sản","Phụ kiện thời trang cho em bé","Bộ quà tặng","13.5","14","0.5","16.1","16.1","0"
"Mẹ & Bé","Trẻ sơ sinh & thai sản","Phụ kiện thời trang cho em bé","Kính râm","13.5","14","0.5","16.1","16.1","0"
"Mẹ & Bé","Trẻ sơ sinh & thai sản","Nội thất cho trẻ em","Ghế trẻ em","12.5","12","-0.5","15.7","14.7","-1"
"Mẹ & Bé","Trẻ sơ sinh & thai sản","Nội thất cho trẻ em","Bàn trẻ em","12.5","14","1.5","15.7","16.7","1"
"Mẹ & Bé","Trẻ sơ sinh & thai sản","Nội thất cho trẻ em","Xe tập đi cho bé","12.5","12.5","0","15.7","15.7","0"
"Mẹ & Bé","Trẻ sơ sinh & thai sản","Nội thất cho trẻ em","Xích đu nhún cho bé","12.5","12","-0.5","15.7","14.7","-1"
"Mẹ & Bé","Trẻ sơ sinh & thai sản","Nội thất cho trẻ em","Bàn thay tã","12.5","10.5","-2","15.7","13.5","-2.2"
"Mẹ & Bé","Trẻ sơ sinh & thai sản","Nội thất cho trẻ em","Cũi & Giường","12.5","12","-0.5","15.7","14.7","-1"
"Mẹ & Bé","Trẻ sơ sinh & thai sản","Nội thất cho trẻ em","Đệm & Bộ chăn ga gối đệm","13","13.5","0.5","16.1","16.1","0"
"Mẹ & Bé","Trẻ sơ sinh & thai sản","Nội thất cho trẻ em","Ghế tiểu tiện & dạy trẻ đi vệ sinh","11","11.5","0.5","13.5","13.5","0"
"Mẹ & Bé","Trẻ sơ sinh & thai sản","An toàn cho bé","Tấm chắn & rào giường","13","13.5","0.5","16.1","16.1","0"
"Mẹ & Bé","Trẻ sơ sinh & thai sản","An toàn cho bé","Bảo vệ cạnh & góc","13","13.5","0.5","16.1","16.1","0"
"Mẹ & Bé","Trẻ sơ sinh & thai sản","An toàn cho bé","Bảo vệ chống điện giật","13","13.5","0.5","16.1","16.1","0"
"Mẹ & Bé","Trẻ sơ sinh & thai sản","An toàn cho bé","Cổng & Ô cửa","13","13.5","0.5","16.1","16.1","0"
"Mẹ & Bé","Trẻ sơ sinh & thai sản","An toàn cho bé","Thiết bị giám sát","13","13.5","0.5","16.1","16.1","0"
"Mẹ & Bé","Trẻ sơ sinh & thai sản","An toàn cho bé","Màn chống muỗi","13","13.5","0.5","16.1","16.1","0"
"Mẹ & Bé","Trẻ sơ sinh & thai sản","An toàn cho bé","Khóa & Dây đai an toàn","13","13.5","0.5","16.1","16.1","0"
"Mẹ & Bé","Trẻ sơ sinh & thai sản","Đồ chơi trẻ em","Đồ chơi điện & điều khiển từ xa cho bé","12.5","13","0.5","16.1","16.1","0"
"Mẹ & Bé","Trẻ sơ sinh & thai sản","Đồ chơi trẻ em","Đồ hàng cho bé","12.5","13","0.5","16.1","16.1","0"
"Mẹ & Bé","Trẻ sơ sinh & thai sản","Đồ chơi trẻ em","Đồ chơi âm thanh cho em bé","12.5","13","0.5","16.1","16.1","0"
"Mẹ & Bé","Trẻ sơ sinh & thai sản","Đồ chơi trẻ em","Đồ chơi thể thao & ngoài trời cho em bé","12.5","13.5","1","16.1","17.1","1"
"Mẹ & Bé","Trẻ sơ sinh & thai sản","Đồ chơi trẻ em","Bóng","12.5","13","0.5","16.1","16.1","0"
"Mẹ & Bé","Trẻ sơ sinh & thai sản","Đồ chơi trẻ em","Đồ chơi khi tắm","12.5","13","0.5","16.1","16.1","0"
"Mẹ & Bé","Trẻ sơ sinh & thai sản","Đồ chơi trẻ em","Ghế ô tô & đồ chơi xe đẩy","12.5","13.5","1","16.1","17.1","1"
"Mẹ & Bé","Trẻ sơ sinh & thai sản","Đồ chơi trẻ em","Búp bê & Gấu bông","12.5","13","0.5","16.1","16.1","0"
"Mẹ & Bé","Trẻ sơ sinh & thai sản","Đồ chơi trẻ em","Đồ chơi trí tuệ & giáo dục sớm","12.5","13","0.5","16.1","16.1","0"
"Mẹ & Bé","Trẻ sơ sinh & thai sản","Đồ chơi trẻ em","Bộ quà tặng","12.5","13","0.5","16.1","16.1","0"
"Mẹ & Bé","Trẻ sơ sinh & thai sản","Đồ chơi trẻ em","Máy leo núi trong nhà & thiết bị sân chơi trẻ em","12.5","13.5","1","16.1","17.1","1"
"Mẹ & Bé","Trẻ sơ sinh & thai sản","Đồ chơi trẻ em","Gương","12.5","13","0.5","16.1","16.1","0"
"Mẹ & Bé","Trẻ sơ sinh & thai sản","Đồ chơi trẻ em","Thảm nằm chơi an toàn","12.5","13","0.5","16.1","16.1","0"
"Mẹ & Bé","Trẻ sơ sinh & thai sản","Đồ chơi trẻ em","Rào chắn","12.5","13","0.5","16.1","16.1","0"
"Mẹ & Bé","Trẻ sơ sinh & thai sản","Đồ chơi trẻ em","Ngựa & Động vật bập bênh","12.5","13.5","1","16.1","17.1","1"
"Mẹ & Bé","Trẻ sơ sinh & thai sản","Đồ chơi trẻ em","Đồ chơi con lật đật Roly-Poly","12.5","13","0.5","16.1","16.1","0"
"Mẹ & Bé","Trẻ sơ sinh & thai sản","Đồ chơi trẻ em","Mô hình nhân vật và người mẫu đồ chơi","12.5","13","0.5","16.1","16.1","0"
"Mẹ & Bé","Trẻ sơ sinh & thai sản","Những vật dụng cần thiết khi cho bé đi du lịch","Ghế ngồi xe hơi cho trẻ em","12","12.5","0.5","13.5","13.5","0"
"Mẹ & Bé","Trẻ sơ sinh & thai sản","Những vật dụng cần thiết khi cho bé đi du lịch","Địu","12.5","13","0.5","15.7","15.7","0"
"Mẹ & Bé","Trẻ sơ sinh & thai sản","Những vật dụng cần thiết khi cho bé đi du lịch","Phụ kiện ghế ngồi xe hơi","12.5","13","0.5","15.7","15.7","0"
"Mẹ & Bé","Trẻ sơ sinh & thai sản","Những vật dụng cần thiết khi cho bé đi du lịch","Dây đai dành cho trẻ em","12.5","13","0.5","15.7","15.7","0"
"Mẹ & Bé","Trẻ sơ sinh & thai sản","Những vật dụng cần thiết khi cho bé đi du lịch","Túi tã","12.5","11","-1.5","15.7","14.5","-1.2"
"Mẹ & Bé","Trẻ sơ sinh & thai sản","Những vật dụng cần thiết khi cho bé đi du lịch","Dây an toàn & phụ kiện","12.5","13.5","1","15.7","16.7","1"
"Mẹ & Bé","Trẻ sơ sinh & thai sản","Những vật dụng cần thiết khi cho bé đi du lịch","Phụ kiện xe đẩy","12.5","13","0.5","15.7","15.7","0"
"Mẹ & Bé","Trẻ sơ sinh & thai sản","Những vật dụng cần thiết khi cho bé đi du lịch","Xe đẩy","12","13","1","13.5","14.5","1"
"Mẹ & Bé","Trẻ sơ sinh & thai sản","Sữa công thức & Thực phẩm cho trẻ","Đồ uống","10","10","0","13.5","13.5","0"
"Mẹ & Bé","Trẻ sơ sinh & thai sản","Sữa công thức & Thực phẩm cho trẻ","Sữa công thức tăng trưởng","10","10","0","11.5","11.5","0"
"Mẹ & Bé","Trẻ sơ sinh & thai sản","Sữa công thức & Thực phẩm cho trẻ","Sữa công thức sơ sinh","10","9.5","-0.5","11.5","10.5","-1"
"Mẹ & Bé","Trẻ sơ sinh & thai sản","Sữa công thức & Thực phẩm cho trẻ","Cháo, Bột & Ngũ cốc","10","9.5","-0.5","13.5","12.5","-1"
"Mẹ & Bé","Trẻ sơ sinh & thai sản","Sữa công thức & Thực phẩm cho trẻ","Đồ ăn vặt","10","9.5","-0.5","13.5","12.5","-1"
"Mẹ & Bé","Trẻ sơ sinh & thai sản","Vật tư cho mẹ","Quần áo & Phụ kiện thai sản","13","13.5","0.5","16.1","16.1","0"
"Mẹ & Bé","Trẻ sơ sinh & thai sản","Vật tư cho mẹ","Gối cho mẹ","13","13.5","0.5","16.1","16.1","0"
"Mẹ & Bé","Trẻ sơ sinh & thai sản","Vật tư cho mẹ","Dây an toàn cho thai phụ & phụ kiện","13","13.5","0.5","16.1","16.1","0"
"Mẹ & Bé","Trẻ sơ sinh & thai sản","Vật tư cho mẹ","Chăm sóc da cho mẹ","13","13.5","0.5","16.1","16.1","0"
"Mẹ & Bé","Trẻ sơ sinh & thai sản","Vật tư cho mẹ","Đồ lót cho mẹ","13","13.5","0.5","16.1","16.1","0"
"Mẹ & Bé","Trẻ sơ sinh & thai sản","Vật tư cho mẹ","Vitamin & Thực phẩm bổ sung cho mẹ","13","13.5","0.5","16.1","16.1","0"
"Mẹ & Bé","Trẻ sơ sinh & thai sản","Vật tư cho mẹ","Sữa công thức cho phụ nữ mang thai & cho con bú","13","13.5","0.5","16.1","16.1","0"
"Mẹ & Bé","Trẻ sơ sinh & thai sản","Vật tư cho mẹ","Quần áo cho bé bú","13","13.5","0.5","16.1","16.1","0"
"Mẹ & Bé","Trẻ sơ sinh & thai sản","Vật tư cho mẹ","Thiết bị theo dõi trước khi sinh","13","13.5","0.5","16.1","16.1","0"
"Mẹ & Bé","Trẻ sơ sinh & thai sản","Vật tư cho mẹ","Đai hỗ trợ","13","13.5","0.5","16.1","16.1","0"
"Mẹ & Bé","Trẻ sơ sinh & thai sản","Cho bú & Cho ăn","Hộp đựng bình sữa & giá phơi","13","14.5","1.5","16.1","17.1","1"
"Mẹ & Bé","Trẻ sơ sinh & thai sản","Cho bú & Cho ăn","Que rửa bình sữa cho bé","13","14.5","1.5","16.1","17.1","1"
"Mẹ & Bé","Trẻ sơ sinh & thai sản","Cho bú & Cho ăn","Máy giữ ấm & máy làm nguội & khử trùng bình sữa","13","14.5","1.5","16.1","17.1","1"
"Mẹ & Bé","Trẻ sơ sinh & thai sản","Cho bú & Cho ăn","Bình sữa & phụ kiện cho bé","13","14.5","1.5","16.1","17.1","1"
"Mẹ & Bé","Trẻ sơ sinh & thai sản","Cho bú & Cho ăn","Đồ dùng trẻ em","13","14.5","1.5","16.1","17.1","1"
"Mẹ & Bé","Trẻ sơ sinh & thai sản","Cho bú & Cho ăn","Miếng lót thấm sữa","13","14","1","15","16","1"
"Mẹ & Bé","Trẻ sơ sinh & thai sản","Cho bú & Cho ăn","Máy hút sữa & phụ kiện","12.5","13.5","1","15","16.1","1.1"
"Mẹ & Bé","Trẻ sơ sinh & thai sản","Cho bú & Cho ăn","Gối cho con bú","12.5","14","1.5","15","16","1"
"Mẹ & Bé","Trẻ sơ sinh & thai sản","Cho bú & Cho ăn","Đầu vú cao su","13","14.5","1.5","16.1","17.1","1"
"Mẹ & Bé","Trẻ sơ sinh & thai sản","Cho bú & Cho ăn","Máy xay chế biến thực phẩm","13","14.5","1.5","16.1","17.1","1"
"Mẹ & Bé","Trẻ sơ sinh & thai sản","Cho bú & Cho ăn","Công thức & Tổ chức & Bảo quản sữa","13","9.5","-3.5","16.1","10.5","-5.6"
"Mẹ & Bé","Trẻ sơ sinh & thai sản","Cho bú & Cho ăn","Khăn che bé bú","12.5","13.5","1","15","16.1","1.1"
"Mẹ & Bé","Thời trang trẻ em","Quần áo bé trai","Quần","13.5","15","1.5","16.1","17.1","1"
"Mẹ & Bé","Thời trang trẻ em","Quần áo bé trai","Áo choàng & Áo khoác","13.5","15","1.5","16.1","17.1","1"
"Mẹ & Bé","Thời trang trẻ em","Quần áo bé trai","Trang phục & Phụ kiện","13.5","15","1.5","16.1","17.1","1"
"Mẹ & Bé","Thời trang trẻ em","Quần áo bé trai","Đồng phục đi học","13.5","15","1.5","16.1","17.1","1"
"Mẹ & Bé","Thời trang trẻ em","Quần áo bé trai","Đồ ngủ","13.5","15","1.5","16.1","17.1","1"
"Mẹ & Bé","Thời trang trẻ em","Quần áo bé trai","Tất","13.5","14","0.5","16.1","16.1","0"
"Mẹ & Bé","Thời trang trẻ em","Quần áo bé trai","Bộ vét & Bộ","13.5","15","1.5","16.1","17.1","1"
"Mẹ & Bé","Thời trang trẻ em","Quần áo bé trai","Áo","13.5","15","1.5","16.1","17.1","1"
"Mẹ & Bé","Thời trang trẻ em","Quần áo bé trai","Đồ lót","13.5","15","1.5","16.1","17.1","1"
"Mẹ & Bé","Thời trang trẻ em","Giày dép bé trai","Bốt","13.5","14","0.5","16.1","16.1","0"
"Mẹ & Bé","Thời trang trẻ em","Giày dép bé trai","Giày đế bằng","13.5","14","0.5","16.1","16.1","0"
"Mẹ & Bé","Thời trang trẻ em","Giày dép bé trai","Giày đi dự tiệc","13.5","14","0.5","16.1","16.1","0"
"Mẹ & Bé","Thời trang trẻ em","Giày dép bé trai","Dép xăng đan & Dép tông","13.5","15","1.5","16.1","17.1","1"
"Mẹ & Bé","Thời trang trẻ em","Giày dép bé trai","Dép lê","13.5","14","0.5","16.1","16.1","0"
"Mẹ & Bé","Thời trang trẻ em","Giày dép bé trai","Giày thể thao","13.5","14","0.5","16.1","16.1","0"
"Mẹ & Bé","Thời trang trẻ em","Quần áo bé gái","Quần","13.5","15","1.5","16.1","17.1","1"
"Mẹ & Bé","Thời trang trẻ em","Quần áo bé gái","Áo choàng & Áo khoác","13.5","15","1.5","16.1","17.1","1"
"Mẹ & Bé","Thời trang trẻ em","Quần áo bé gái","Trang phục & Phụ kiện","13.5","15","1.5","16.1","17.1","1"
"Mẹ & Bé","Thời trang trẻ em","Quần áo bé gái","Váy","13.5","15","1.5","16.1","17.1","1"
"Mẹ & Bé","Thời trang trẻ em","Quần áo bé gái","Đồng phục đi học","13.5","15","1.5","16.1","17.1","1"
"Mẹ & Bé","Thời trang trẻ em","Quần áo bé gái","Chân váy","13.5","15","1.5","16.1","17.1","1"
"Mẹ & Bé","Thời trang trẻ em","Quần áo bé gái","Đồ ngủ","13.5","15","1.5","16.1","17.1","1"
"Mẹ & Bé","Thời trang trẻ em","Quần áo bé gái","Tất","13.5","14","0.5","16.1","16.1","0"
"Mẹ & Bé","Thời trang trẻ em","Quần áo bé gái","Bộ vét & Bộ","13.5","15","1.5","16.1","17.1","1"
"Mẹ & Bé","Thời trang trẻ em","Quần áo bé gái","Quần bó","13.5","15","1.5","16.1","17.1","1"
"Mẹ & Bé","Thời trang trẻ em","Quần áo bé gái","Áo","13.5","15","1.5","16.1","17.1","1"
"Mẹ & Bé","Thời trang trẻ em","Quần áo bé gái","Đồ lót","13.5","15","1.5","16.1","17.1","1"
"Mẹ & Bé","Thời trang trẻ em","Giày dép bé gái","Bốt","13.5","14","0.5","16.1","16.1","0"
"Mẹ & Bé","Thời trang trẻ em","Giày dép bé gái","Giày đế bằng","13.5","14","0.5","16.1","16.1","0"
"Mẹ & Bé","Thời trang trẻ em","Giày dép bé gái","Dép xăng đan & Dép tông","13.5","14","0.5","16.1","16.1","0"
"Mẹ & Bé","Thời trang trẻ em","Giày dép bé gái","Dép lê","13.5","14","0.5","16.1","16.1","0"
"Mẹ & Bé","Thời trang trẻ em","Giày dép bé gái","Giày thể thao","13.5","14","0.5","16.1","16.1","0"
"Mẹ & Bé","Thời trang trẻ em","Phụ kiện thời trang cho trẻ em","Túi xách & Hành lý","13.5","14","0.5","16.1","16.1","0"
"Mẹ & Bé","Thời trang trẻ em","Phụ kiện thời trang cho trẻ em","Thắt lưng","13.5","14","0.5","16.1","16.1","0"
"Mẹ & Bé","Thời trang trẻ em","Phụ kiện thời trang cho trẻ em","Chụp tai","13.5","14","0.5","16.1","16.1","0"
"Mẹ & Bé","Thời trang trẻ em","Phụ kiện thời trang cho trẻ em","Kính mắt","13.5","14","0.5","16.1","16.1","0"
"Mẹ & Bé","Thời trang trẻ em","Phụ kiện thời trang cho trẻ em","Mặt nạ","13.5","14","0.5","16.1","16.1","0"
"Mẹ & Bé","Thời trang trẻ em","Phụ kiện thời trang cho trẻ em","Găng tay","13.5","14","0.5","16.1","16.1","0"
"Mẹ & Bé","Thời trang trẻ em","Phụ kiện thời trang cho trẻ em","Phụ kiện cài đầu","13.5","14.5","1","16.1","17.1","1"
"Mẹ & Bé","Thời trang trẻ em","Phụ kiện thời trang cho trẻ em","Phục sức & phụ kiện trẻ em","13.5","14","0.5","16.1","16.1","0"
"Mẹ & Bé","Thời trang trẻ em","Phụ kiện thời trang cho trẻ em","Mũ trẻ em","13.5","14","0.5","16.1","16.1","0"
"Mẹ & Bé","Thời trang trẻ em","Phụ kiện thời trang cho trẻ em","Khăn quàng cổ & Khăn choàng trẻ em","13.5","14","0.5","16.1","16.1","0"
"Mẹ & Bé","Thời trang trẻ em","Phụ kiện thời trang cho trẻ em","Cà vạt & Nơ cà vạt","13.5","14.5","1","16.1","17.1","1"
"Mẹ & Bé","Thời trang trẻ em","Phụ kiện thời trang cho trẻ em","Đồng hồ","13.5","14","0.5","16.1","16.1","0"
"Mẹ & Bé","Đồ chơi & sở thích","Đồ chơi cổ điển & mới lạ","Đồ chơi hành động & đồ chơi nhân vật","12.5","13","0.5","16.1","16.1","0"
"Mẹ & Bé","Đồ chơi & sở thích","Đồ chơi cổ điển & mới lạ","Đồ chơi xây dựng","12.5","13","0.5","16.1","16.1","0"
"Mẹ & Bé","Đồ chơi & sở thích","Đồ chơi cổ điển & mới lạ","Đồ chơi vỏ nhộng","12.5","13","0.5","15.7","16.1","0.4"
"Mẹ & Bé","Đồ chơi & sở thích","Đồ chơi cổ điển & mới lạ","Đồ chơi rèn luyện ngón tay","12.5","13.5","1","15.7","17.1","1.4"
"Mẹ & Bé","Đồ chơi & sở thích","Đồ chơi cổ điển & mới lạ","Mạt chược","12.5","13","0.5","16.1","16.1","0"
"Mẹ & Bé","Đồ chơi & sở thích","Đồ chơi cổ điển & mới lạ","Đồ chơi xe & Mô hình","12.5","13","0.5","14.7","16.1","1.4"
"Mẹ & Bé","Đồ chơi & sở thích","Đồ chơi cổ điển & mới lạ","Đồ chơi mới lạ","12.5","13","0.5","16.1","16.1","0"
"Mẹ & Bé","Đồ chơi & sở thích","Đồ chơi cổ điển & mới lạ","Chơi đồ hàng","12.5","13","0.5","16.1","16.1","0"
"Mẹ & Bé","Đồ chơi & sở thích","Đồ chơi cổ điển & mới lạ","Búp bê & rạp múa rối bước","12.5","13","0.5","16.1","16.1","0"
"Mẹ & Bé","Đồ chơi & sở thích","Đồ chơi cổ điển & mới lạ","Đồ chơi Slime & Squishy","12.5","13","0.5","16.1","16.1","0"
"Mẹ & Bé","Đồ chơi & sở thích","Đồ chơi cổ điển & mới lạ","Con quay","12.5","13","0.5","15.7","16.1","0.4"
"Mẹ & Bé","Đồ chơi & sở thích","Đồ chơi cổ điển & mới lạ","Đồ chơi giảm căng thẳng","12.5","13","0.5","16.1","16.1","0"
"Mẹ & Bé","Đồ chơi & sở thích","Đồ chơi cổ điển & mới lạ","Yo-yo","12.5","15","2.5","15.7","16.2","0.5"
"Mẹ & Bé","Đồ chơi & sở thích","Búp bê & Gấu bông","Phụ kiện búp bê","12.5","13","0.5","16.1","16.1","0"
"Mẹ & Bé","Đồ chơi & sở thích","Búp bê & Gấu bông","Nhà búp bê & Bộ đồ chơi","12.5","13","0.5","16.1","16.1","0"
"Mẹ & Bé","Đồ chơi & sở thích","Búp bê & Gấu bông","Búp bê","12.5","13","0.5","16.1","16.1","0"
"Mẹ & Bé","Đồ chơi & sở thích","Búp bê & Gấu bông","Gấu bông","12.5","13","0.5","16.1","16.1","0"
"Mẹ & Bé","Đồ chơi & sở thích","Đồ chơi giáo dục","Vẽ & Làm thủ công","12.5","13","0.5","16.1","16.1","0"
"Mẹ & Bé","Đồ chơi & sở thích","Đồ chơi giáo dục","Thám tử & điệp viên","12.5","13","0.5","16.1","16.1","0"
"Mẹ & Bé","Đồ chơi & sở thích","Đồ chơi giáo dục","Thẻ flash","12.5","13","0.5","16.1","16.1","0"
"Mẹ & Bé","Đồ chơi & sở thích","Đồ chơi giáo dục","Đồ chơi học ngôn ngữ","12.5","13","0.5","16.1","16.1","0"
"Mẹ & Bé","Đồ chơi & sở thích","Đồ chơi giáo dục","Đồ chơi toán học","12.5","13","0.5","16.1","16.1","0"
"Mẹ & Bé","Đồ chơi & sở thích","Đồ chơi giáo dục","Đồ chơi âm nhạc","12.5","13","0.5","16.1","16.1","0"
"Mẹ & Bé","Đồ chơi & sở thích","Đồ chơi giáo dục","Đồ chơi khoa học & công nghệ","12.5","13","0.5","16.1","16.1","0"
"Mẹ & Bé","Đồ chơi & sở thích","Đồ chơi giáo dục","Đồ chơi xếp hình","12.5","13","0.5","16.1","16.1","0"
"Mẹ & Bé","Đồ chơi & sở thích","Đồ chơi giáo dục","Máy tính bảng đồ chơi & Máy tính đồ chơi","12.5","13","0.5","16.1","16.1","0"
"Mẹ & Bé","Đồ chơi & sở thích","Đồ chơi thể thao & ngoài trời","Đồ chơi phun & Súng đồ chơi","12.5","13","0.5","16.1","16.1","0"
"Mẹ & Bé","Đồ chơi & sở thích","Đồ chơi thể thao & ngoài trời","Bong bóng","12.5","13","0.5","16.1","16.1","0"
"Mẹ & Bé","Đồ chơi & sở thích","Đồ chơi thể thao & ngoài trời","Đồ chơi bay","12.5","13","0.5","16.1","16.1","0"
"Mẹ & Bé","Đồ chơi & sở thích","Đồ chơi thể thao & ngoài trời","Diều & Vòng quay gió","12.5","13","0.5","16.1","16.1","0"
"Mẹ & Bé","Đồ chơi & sở thích","Đồ chơi thể thao & ngoài trời","Trò chơi bắn bi","12.5","13","0.5","16.1","16.1","0"
"Mẹ & Bé","Đồ chơi & sở thích","Đồ chơi thể thao & ngoài trời","Đồ chơi khám phá thiên nhiên","12.5","13","0.5","16.1","16.1","0"
"Mẹ & Bé","Đồ chơi & sở thích","Đồ chơi thể thao & ngoài trời","Thiết bị sân chơi","12.5","13","0.5","16.1","16.1","0"
"Mẹ & Bé","Đồ chơi & sở thích","Đồ chơi thể thao & ngoài trời","Đồ chơi nhà, lều & đường hầm","12.5","13","0.5","16.1","16.1","0"
"Mẹ & Bé","Đồ chơi & sở thích","Đồ chơi thể thao & ngoài trời","Đồ chơi bể bơi, nước & cát","12.5","13","0.5","16.1","16.1","0"
"Mẹ & Bé","Đồ chơi & sở thích","Đồ chơi thể thao & ngoài trời","Đồ chơi ngồi lái","12.5","13.5","1","16.1","17.1","1"
"Mẹ & Bé","Đồ chơi & sở thích","Đồ chơi thể thao & ngoài trời","Đồ chơi thể thao","12.5","13","0.5","16.1","16.1","0"
"Mẹ & Bé","Đồ chơi & sở thích","Đồ chơi thể thao & ngoài trời","Kiếm & đao đồ chơi","12.5","13","0.5","16.1","16.1","0"
